provider_name,npi,specialty,subspecialty,clinical_focus_terms
"AARON, MICHAEL L.",1790762623,Cardiology,Cardiology,"[""Secondary hypertension"",""Cardiomegaly"",""Abnormal electrocardiogram"",""Palpitations"",""Orthostatic hypotension"",""Resistant hypertension"",""Pulmonary Valve Stenosis"",""Chronic venous insufficiency"",""Heart murmur"",""Sports Cardiology"",""Preventive Cardiology"",""LGBTQIA+ Cardiovascular Health"",""Cardiogenetics"",""Mild mitral valve regurgitation"",""Rheumatic mitral valve prolapse"",""pulmonary arterial hypertension"",""coronary artery disease"",""takotsubo cardiomyopathy"",""electrocardiography"",""Cardiomyopathy, Familial Idiopathic"",""cardiovascular stress testing"",""Postural Orthostatic Tachycardia Syndrome"",""structural disorder of heart"",""primary prevention of ischemic heart disease"",""aortic valve disorder"",""cardiovascular evaluation"",""cardiac valve leak"",""aneurysm of aortic arch"",""mitral"",""bradycardia"",""aortic aneurysm, thoracoabdominal"",""Postpartum cardiomyopathy"",""renal vascular disorder"",""disorder of pericardium"",""tricuspid valve disorder"",""ventricular dysfunction"",""dyslipidemia"",""Holter Monitors"",""cardiologist"",""aortic aneurysm, thoracic"",""coronary artery anomaly nos (disorder)"",""hypertensive heart disease"",""deep vein thrombosis"",""Peripheral edema"",""ventricular arrhythmia"",""ventricular fibrillation"",""tricuspid valve stenosis"",""tricuspid valve insufficiency"",""tachycardia"",""syncope"",""pericarditis"",""pericardial effusion"",""palpitations nos"",""myocarditis"",""myocardial infarction"",""cardiomyopathy"",""mitral valve stenosis"",""mitral valve prolapse"",""mitral valve insufficiency"",""mitral valve disorders nos (disorder)"",""hypertriglyceridemia"",""hypertensive disease"",""hyperlipidemia"",""hypercholesterolemia"",""heart valve disease"",""heart failure"",""heart diseases"",""endocarditis"",""coronary arteriosclerosis"",""chest pain"",""cerebrovascular disorders"",""carotid artery diseases"",""cardiovascular diseases"",""Restrictive cardiomyopathy"",""cardiomyopathy, dilated"",""atrial flutter"",""atrial fibrillation"",""atherosclerosis"",""arteriosclerosis"",""arterial occlusive diseases"",""cardiac arrhythmia"",""aortic valve stenosis"",""aortic valve insufficiency"",""aortic diseases"",""aortic coarctation"",""angina"",""aneurysm""]"
"ABBATE, KARIANN",1548429582,Cardiology,Cardiology,"[""Secondary hypertension"",""Cardiomegaly"",""Abnormal electrocardiogram"",""Palpitations"",""Orthostatic hypotension"",""Resistant hypertension"",""Pulmonary Valve Stenosis"",""Chronic venous insufficiency"",""Heart murmur"",""Sports Cardiology"",""Preventive Cardiology"",""LGBTQIA+ Cardiovascular Health"",""Cardiogenetics"",""Mild mitral valve regurgitation"",""Rheumatic mitral valve prolapse"",""pulmonary arterial hypertension"",""coronary artery disease"",""takotsubo cardiomyopathy"",""electrocardiography"",""Cardiomyopathy, Familial Idiopathic"",""cardiovascular stress testing"",""Postural Orthostatic Tachycardia Syndrome"",""structural disorder of heart"",""primary prevention of ischemic heart disease"",""aortic valve disorder"",""cardiovascular evaluation"",""cardiac valve leak"",""aneurysm of aortic arch"",""mitral"",""bradycardia"",""aortic aneurysm, thoracoabdominal"",""Postpartum cardiomyopathy"",""renal vascular disorder"",""disorder of pericardium"",""tricuspid valve disorder"",""ventricular dysfunction"",""dyslipidemia"",""Holter Monitors"",""cardiologist"",""aortic aneurysm, thoracic"",""coronary artery anomaly nos (disorder)"",""hypertensive heart disease"",""deep vein thrombosis"",""Peripheral edema"",""ventricular arrhythmia"",""ventricular fibrillation"",""tricuspid valve stenosis"",""tricuspid valve insufficiency"",""tachycardia"",""syncope"",""pericarditis"",""pericardial effusion"",""palpitations nos"",""myocarditis"",""myocardial infarction"",""cardiomyopathy"",""mitral valve stenosis"",""mitral valve prolapse"",""mitral valve insufficiency"",""mitral valve disorders nos (disorder)"",""hypertriglyceridemia"",""hypertensive disease"",""hyperlipidemia"",""hypercholesterolemia"",""heart valve disease"",""heart failure"",""heart diseases"",""endocarditis"",""coronary arteriosclerosis"",""chest pain"",""cerebrovascular disorders"",""carotid artery diseases"",""cardiovascular diseases"",""Restrictive cardiomyopathy"",""cardiomyopathy, dilated"",""atrial flutter"",""atrial fibrillation"",""atherosclerosis"",""arteriosclerosis"",""arterial occlusive diseases"",""cardiac arrhythmia"",""aortic valve stenosis"",""aortic valve insufficiency"",""aortic diseases"",""aortic coarctation"",""angina"",""aneurysm""]"
"ABBOUD, JOSEPH",1710168901,Cardiology,Cardiology,"[""Secondary hypertension"",""Cardiomegaly"",""Abnormal electrocardiogram"",""Palpitations"",""Orthostatic hypotension"",""Resistant hypertension"",""Pulmonary Valve Stenosis"",""Chronic venous insufficiency"",""Heart murmur"",""Sports Cardiology"",""Preventive Cardiology"",""LGBTQIA+ Cardiovascular Health"",""Cardiogenetics"",""Mild mitral valve regurgitation"",""Rheumatic mitral valve prolapse"",""pulmonary arterial hypertension"",""coronary artery disease"",""takotsubo cardiomyopathy"",""electrocardiography"",""Cardiomyopathy, Familial Idiopathic"",""cardiovascular stress testing"",""Postural Orthostatic Tachycardia Syndrome"",""structural disorder of heart"",""primary prevention of ischemic heart disease"",""aortic valve disorder"",""cardiovascular evaluation"",""cardiac valve leak"",""aneurysm of aortic arch"",""mitral"",""bradycardia"",""aortic aneurysm, thoracoabdominal"",""Postpartum cardiomyopathy"",""renal vascular disorder"",""disorder of pericardium"",""tricuspid valve disorder"",""ventricular dysfunction"",""dyslipidemia"",""Holter Monitors"",""cardiologist"",""aortic aneurysm, thoracic"",""coronary artery anomaly nos (disorder)"",""hypertensive heart disease"",""deep vein thrombosis"",""Peripheral edema"",""ventricular arrhythmia"",""ventricular fibrillation"",""tricuspid valve stenosis"",""tricuspid valve insufficiency"",""tachycardia"",""syncope"",""pericarditis"",""pericardial effusion"",""palpitations nos"",""myocarditis"",""myocardial infarction"",""cardiomyopathy"",""mitral valve stenosis"",""mitral valve prolapse"",""mitral valve insufficiency"",""mitral valve disorders nos (disorder)"",""hypertriglyceridemia"",""hypertensive disease"",""hyperlipidemia"",""hypercholesterolemia"",""heart valve disease"",""heart failure"",""heart diseases"",""endocarditis"",""coronary arteriosclerosis"",""chest pain"",""cerebrovascular disorders"",""carotid artery diseases"",""cardiovascular diseases"",""Restrictive cardiomyopathy"",""cardiomyopathy, dilated"",""atrial flutter"",""atrial fibrillation"",""atherosclerosis"",""arteriosclerosis"",""arterial occlusive diseases"",""cardiac arrhythmia"",""aortic valve stenosis"",""aortic valve insufficiency"",""aortic diseases"",""aortic coarctation"",""angina"",""aneurysm""]"
"ABOU RJAILI, GEORGES",1073896544,Cardiology,Cardiology,"[""Secondary hypertension"",""Cardiomegaly"",""Abnormal electrocardiogram"",""Palpitations"",""Orthostatic hypotension"",""Resistant hypertension"",""Pulmonary Valve Stenosis"",""Chronic venous insufficiency"",""Heart murmur"",""Sports Cardiology"",""Preventive Cardiology"",""LGBTQIA+ Cardiovascular Health"",""Cardiogenetics"",""Mild mitral valve regurgitation"",""Rheumatic mitral valve prolapse"",""pulmonary arterial hypertension"",""coronary artery disease"",""takotsubo cardiomyopathy"",""electrocardiography"",""Cardiomyopathy, Familial Idiopathic"",""cardiovascular stress testing"",""Postural Orthostatic Tachycardia Syndrome"",""structural disorder of heart"",""primary prevention of ischemic heart disease"",""aortic valve disorder"",""cardiovascular evaluation"",""cardiac valve leak"",""aneurysm of aortic arch"",""mitral"",""bradycardia"",""aortic aneurysm, thoracoabdominal"",""Postpartum cardiomyopathy"",""renal vascular disorder"",""disorder of pericardium"",""tricuspid valve disorder"",""ventricular dysfunction"",""dyslipidemia"",""Holter Monitors"",""cardiologist"",""aortic aneurysm, thoracic"",""coronary artery anomaly nos (disorder)"",""hypertensive heart disease"",""deep vein thrombosis"",""Peripheral edema"",""ventricular arrhythmia"",""ventricular fibrillation"",""tricuspid valve stenosis"",""tricuspid valve insufficiency"",""tachycardia"",""syncope"",""pericarditis"",""pericardial effusion"",""palpitations nos"",""myocarditis"",""myocardial infarction"",""cardiomyopathy"",""mitral valve stenosis"",""mitral valve prolapse"",""mitral valve insufficiency"",""mitral valve disorders nos (disorder)"",""hypertriglyceridemia"",""hypertensive disease"",""hyperlipidemia"",""hypercholesterolemia"",""heart valve disease"",""heart failure"",""heart diseases"",""endocarditis"",""coronary arteriosclerosis"",""chest pain"",""cerebrovascular disorders"",""carotid artery diseases"",""cardiovascular diseases"",""Restrictive cardiomyopathy"",""cardiomyopathy, dilated"",""atrial flutter"",""atrial fibrillation"",""atherosclerosis"",""arteriosclerosis"",""arterial occlusive diseases"",""cardiac arrhythmia"",""aortic valve stenosis"",""aortic valve insufficiency"",""aortic diseases"",""aortic coarctation"",""angina"",""aneurysm""]"
"ABRAHAM, MARIA",1699358630,Cardiology,Cardiology,"[""Secondary hypertension"",""Cardiomegaly"",""Abnormal electrocardiogram"",""Palpitations"",""Orthostatic hypotension"",""Resistant hypertension"",""Pulmonary Valve Stenosis"",""Chronic venous insufficiency"",""Heart murmur"",""Sports Cardiology"",""Preventive Cardiology"",""LGBTQIA+ Cardiovascular Health"",""Cardiogenetics"",""Mild mitral valve regurgitation"",""Rheumatic mitral valve prolapse"",""pulmonary arterial hypertension"",""coronary artery disease"",""takotsubo cardiomyopathy"",""electrocardiography"",""Cardiomyopathy, Familial Idiopathic"",""cardiovascular stress testing"",""Postural Orthostatic Tachycardia Syndrome"",""structural disorder of heart"",""primary prevention of ischemic heart disease"",""aortic valve disorder"",""cardiovascular evaluation"",""cardiac valve leak"",""aneurysm of aortic arch"",""mitral"",""bradycardia"",""aortic aneurysm, thoracoabdominal"",""Postpartum cardiomyopathy"",""renal vascular disorder"",""disorder of pericardium"",""tricuspid valve disorder"",""ventricular dysfunction"",""dyslipidemia"",""Holter Monitors"",""cardiologist"",""aortic aneurysm, thoracic"",""coronary artery anomaly nos (disorder)"",""hypertensive heart disease"",""deep vein thrombosis"",""Peripheral edema"",""ventricular arrhythmia"",""ventricular fibrillation"",""tricuspid valve stenosis"",""tricuspid valve insufficiency"",""tachycardia"",""syncope"",""pericarditis"",""pericardial effusion"",""palpitations nos"",""myocarditis"",""myocardial infarction"",""cardiomyopathy"",""mitral valve stenosis"",""mitral valve prolapse"",""mitral valve insufficiency"",""mitral valve disorders nos (disorder)"",""hypertriglyceridemia"",""hypertensive disease"",""hyperlipidemia"",""hypercholesterolemia"",""heart valve disease"",""heart failure"",""heart diseases"",""endocarditis"",""coronary arteriosclerosis"",""chest pain"",""cerebrovascular disorders"",""carotid artery diseases"",""cardiovascular diseases"",""Restrictive cardiomyopathy"",""cardiomyopathy, dilated"",""atrial flutter"",""atrial fibrillation"",""atherosclerosis"",""arteriosclerosis"",""arterial occlusive diseases"",""cardiac arrhythmia"",""aortic valve stenosis"",""aortic valve insufficiency"",""aortic diseases"",""aortic coarctation"",""angina"",""aneurysm""]"
"ABRAHAM, SAJI",1497955603,Cardiology,Cardiology,"[""Secondary hypertension"",""Cardiomegaly"",""Abnormal electrocardiogram"",""Palpitations"",""Orthostatic hypotension"",""Resistant hypertension"",""Pulmonary Valve Stenosis"",""Chronic venous insufficiency"",""Heart murmur"",""Sports Cardiology"",""Preventive Cardiology"",""LGBTQIA+ Cardiovascular Health"",""Cardiogenetics"",""Mild mitral valve regurgitation"",""Rheumatic mitral valve prolapse"",""pulmonary arterial hypertension"",""coronary artery disease"",""takotsubo cardiomyopathy"",""electrocardiography"",""Cardiomyopathy, Familial Idiopathic"",""cardiovascular stress testing"",""Postural Orthostatic Tachycardia Syndrome"",""structural disorder of heart"",""primary prevention of ischemic heart disease"",""aortic valve disorder"",""cardiovascular evaluation"",""cardiac valve leak"",""aneurysm of aortic arch"",""mitral"",""bradycardia"",""aortic aneurysm, thoracoabdominal"",""Postpartum cardiomyopathy"",""renal vascular disorder"",""disorder of pericardium"",""tricuspid valve disorder"",""ventricular dysfunction"",""dyslipidemia"",""Holter Monitors"",""cardiologist"",""aortic aneurysm, thoracic"",""coronary artery anomaly nos (disorder)"",""hypertensive heart disease"",""deep vein thrombosis"",""Peripheral edema"",""ventricular arrhythmia"",""ventricular fibrillation"",""tricuspid valve stenosis"",""tricuspid valve insufficiency"",""tachycardia"",""syncope"",""pericarditis"",""pericardial effusion"",""palpitations nos"",""myocarditis"",""myocardial infarction"",""cardiomyopathy"",""mitral valve stenosis"",""mitral valve prolapse"",""mitral valve insufficiency"",""mitral valve disorders nos (disorder)"",""hypertriglyceridemia"",""hypertensive disease"",""hyperlipidemia"",""hypercholesterolemia"",""heart valve disease"",""heart failure"",""heart diseases"",""endocarditis"",""coronary arteriosclerosis"",""chest pain"",""cerebrovascular disorders"",""carotid artery diseases"",""cardiovascular diseases"",""Restrictive cardiomyopathy"",""cardiomyopathy, dilated"",""atrial flutter"",""atrial fibrillation"",""atherosclerosis"",""arteriosclerosis"",""arterial occlusive diseases"",""cardiac arrhythmia"",""aortic valve stenosis"",""aortic valve insufficiency"",""aortic diseases"",""aortic coarctation"",""angina"",""aneurysm""]"
"ABRAHAM, THEODORE PRAVINCHANDRA",1467427096,Cardiology,Cardiology,"[""Secondary hypertension"",""Cardiomegaly"",""Abnormal electrocardiogram"",""Palpitations"",""Orthostatic hypotension"",""Resistant hypertension"",""Pulmonary Valve Stenosis"",""Chronic venous insufficiency"",""Heart murmur"",""Sports Cardiology"",""Preventive Cardiology"",""LGBTQIA+ Cardiovascular Health"",""Cardiogenetics"",""Mild mitral valve regurgitation"",""Rheumatic mitral valve prolapse"",""pulmonary arterial hypertension"",""coronary artery disease"",""takotsubo cardiomyopathy"",""electrocardiography"",""Cardiomyopathy, Familial Idiopathic"",""cardiovascular stress testing"",""Postural Orthostatic Tachycardia Syndrome"",""structural disorder of heart"",""primary prevention of ischemic heart disease"",""aortic valve disorder"",""cardiovascular evaluation"",""cardiac valve leak"",""aneurysm of aortic arch"",""mitral"",""bradycardia"",""aortic aneurysm, thoracoabdominal"",""Postpartum cardiomyopathy"",""renal vascular disorder"",""disorder of pericardium"",""tricuspid valve disorder"",""ventricular dysfunction"",""dyslipidemia"",""Holter Monitors"",""cardiologist"",""aortic aneurysm, thoracic"",""coronary artery anomaly nos (disorder)"",""hypertensive heart disease"",""deep vein thrombosis"",""Peripheral edema"",""ventricular arrhythmia"",""ventricular fibrillation"",""tricuspid valve stenosis"",""tricuspid valve insufficiency"",""tachycardia"",""syncope"",""pericarditis"",""pericardial effusion"",""palpitations nos"",""myocarditis"",""myocardial infarction"",""cardiomyopathy"",""mitral valve stenosis"",""mitral valve prolapse"",""mitral valve insufficiency"",""mitral valve disorders nos (disorder)"",""hypertriglyceridemia"",""hypertensive disease"",""hyperlipidemia"",""hypercholesterolemia"",""heart valve disease"",""heart failure"",""heart diseases"",""endocarditis"",""coronary arteriosclerosis"",""chest pain"",""cerebrovascular disorders"",""carotid artery diseases"",""cardiovascular diseases"",""Restrictive cardiomyopathy"",""cardiomyopathy, dilated"",""atrial flutter"",""atrial fibrillation"",""atherosclerosis"",""arteriosclerosis"",""arterial occlusive diseases"",""cardiac arrhythmia"",""aortic valve stenosis"",""aortic valve insufficiency"",""aortic diseases"",""aortic coarctation"",""angina"",""aneurysm""]"
"ABRAMS, JEFFREY",1609373869,Cardiology,Cardiology,"[""Secondary hypertension"",""Cardiomegaly"",""Abnormal electrocardiogram"",""Palpitations"",""Orthostatic hypotension"",""Resistant hypertension"",""Pulmonary Valve Stenosis"",""Chronic venous insufficiency"",""Heart murmur"",""Sports Cardiology"",""Preventive Cardiology"",""LGBTQIA+ Cardiovascular Health"",""Cardiogenetics"",""Mild mitral valve regurgitation"",""Rheumatic mitral valve prolapse"",""pulmonary arterial hypertension"",""coronary artery disease"",""takotsubo cardiomyopathy"",""electrocardiography"",""Cardiomyopathy, Familial Idiopathic"",""cardiovascular stress testing"",""Postural Orthostatic Tachycardia Syndrome"",""structural disorder of heart"",""primary prevention of ischemic heart disease"",""aortic valve disorder"",""cardiovascular evaluation"",""cardiac valve leak"",""aneurysm of aortic arch"",""mitral"",""bradycardia"",""aortic aneurysm, thoracoabdominal"",""Postpartum cardiomyopathy"",""renal vascular disorder"",""disorder of pericardium"",""tricuspid valve disorder"",""ventricular dysfunction"",""dyslipidemia"",""Holter Monitors"",""cardiologist"",""aortic aneurysm, thoracic"",""coronary artery anomaly nos (disorder)"",""hypertensive heart disease"",""deep vein thrombosis"",""Peripheral edema"",""ventricular arrhythmia"",""ventricular fibrillation"",""tricuspid valve stenosis"",""tricuspid valve insufficiency"",""tachycardia"",""syncope"",""pericarditis"",""pericardial effusion"",""palpitations nos"",""myocarditis"",""myocardial infarction"",""cardiomyopathy"",""mitral valve stenosis"",""mitral valve prolapse"",""mitral valve insufficiency"",""mitral valve disorders nos (disorder)"",""hypertriglyceridemia"",""hypertensive disease"",""hyperlipidemia"",""hypercholesterolemia"",""heart valve disease"",""heart failure"",""heart diseases"",""endocarditis"",""coronary arteriosclerosis"",""chest pain"",""cerebrovascular disorders"",""carotid artery diseases"",""cardiovascular diseases"",""Restrictive cardiomyopathy"",""cardiomyopathy, dilated"",""atrial flutter"",""atrial fibrillation"",""atherosclerosis"",""arteriosclerosis"",""arterial occlusive diseases"",""cardiac arrhythmia"",""aortic valve stenosis"",""aortic valve insufficiency"",""aortic diseases"",""aortic coarctation"",""angina"",""aneurysm""]"
"ACHARJEE, SUBROTO",1447482070,Cardiology,Cardiology,"[""Secondary hypertension"",""Cardiomegaly"",""Abnormal electrocardiogram"",""Palpitations"",""Orthostatic hypotension"",""Resistant hypertension"",""Pulmonary Valve Stenosis"",""Chronic venous insufficiency"",""Heart murmur"",""Sports Cardiology"",""Preventive Cardiology"",""LGBTQIA+ Cardiovascular Health"",""Cardiogenetics"",""Mild mitral valve regurgitation"",""Rheumatic mitral valve prolapse"",""pulmonary arterial hypertension"",""coronary artery disease"",""takotsubo cardiomyopathy"",""electrocardiography"",""Cardiomyopathy, Familial Idiopathic"",""cardiovascular stress testing"",""Postural Orthostatic Tachycardia Syndrome"",""structural disorder of heart"",""primary prevention of ischemic heart disease"",""aortic valve disorder"",""cardiovascular evaluation"",""cardiac valve leak"",""aneurysm of aortic arch"",""mitral"",""bradycardia"",""aortic aneurysm, thoracoabdominal"",""Postpartum cardiomyopathy"",""renal vascular disorder"",""disorder of pericardium"",""tricuspid valve disorder"",""ventricular dysfunction"",""dyslipidemia"",""Holter Monitors"",""cardiologist"",""aortic aneurysm, thoracic"",""coronary artery anomaly nos (disorder)"",""hypertensive heart disease"",""deep vein thrombosis"",""Peripheral edema"",""ventricular arrhythmia"",""ventricular fibrillation"",""tricuspid valve stenosis"",""tricuspid valve insufficiency"",""tachycardia"",""syncope"",""pericarditis"",""pericardial effusion"",""palpitations nos"",""myocarditis"",""myocardial infarction"",""cardiomyopathy"",""mitral valve stenosis"",""mitral valve prolapse"",""mitral valve insufficiency"",""mitral valve disorders nos (disorder)"",""hypertriglyceridemia"",""hypertensive disease"",""hyperlipidemia"",""hypercholesterolemia"",""heart valve disease"",""heart failure"",""heart diseases"",""endocarditis"",""coronary arteriosclerosis"",""chest pain"",""cerebrovascular disorders"",""carotid artery diseases"",""cardiovascular diseases"",""Restrictive cardiomyopathy"",""cardiomyopathy, dilated"",""atrial flutter"",""atrial fibrillation"",""atherosclerosis"",""arteriosclerosis"",""arterial occlusive diseases"",""cardiac arrhythmia"",""aortic valve stenosis"",""aortic valve insufficiency"",""aortic diseases"",""aortic coarctation"",""angina"",""aneurysm""]"
"ACKERMAN, TRACIE",1154417848,Cardiology,Cardiology,"[""Secondary hypertension"",""Cardiomegaly"",""Abnormal electrocardiogram"",""Palpitations"",""Orthostatic hypotension"",""Resistant hypertension"",""Pulmonary Valve Stenosis"",""Chronic venous insufficiency"",""Heart murmur"",""Sports Cardiology"",""Preventive Cardiology"",""LGBTQIA+ Cardiovascular Health"",""Cardiogenetics"",""Mild mitral valve regurgitation"",""Rheumatic mitral valve prolapse"",""pulmonary arterial hypertension"",""coronary artery disease"",""takotsubo cardiomyopathy"",""electrocardiography"",""Cardiomyopathy, Familial Idiopathic"",""cardiovascular stress testing"",""Postural Orthostatic Tachycardia Syndrome"",""structural disorder of heart"",""primary prevention of ischemic heart disease"",""aortic valve disorder"",""cardiovascular evaluation"",""cardiac valve leak"",""aneurysm of aortic arch"",""mitral"",""bradycardia"",""aortic aneurysm, thoracoabdominal"",""Postpartum cardiomyopathy"",""renal vascular disorder"",""disorder of pericardium"",""tricuspid valve disorder"",""ventricular dysfunction"",""dyslipidemia"",""Holter Monitors"",""cardiologist"",""aortic aneurysm, thoracic"",""coronary artery anomaly nos (disorder)"",""hypertensive heart disease"",""deep vein thrombosis"",""Peripheral edema"",""ventricular arrhythmia"",""ventricular fibrillation"",""tricuspid valve stenosis"",""tricuspid valve insufficiency"",""tachycardia"",""syncope"",""pericarditis"",""pericardial effusion"",""palpitations nos"",""myocarditis"",""myocardial infarction"",""cardiomyopathy"",""mitral valve stenosis"",""mitral valve prolapse"",""mitral valve insufficiency"",""mitral valve disorders nos (disorder)"",""hypertriglyceridemia"",""hypertensive disease"",""hyperlipidemia"",""hypercholesterolemia"",""heart valve disease"",""heart failure"",""heart diseases"",""endocarditis"",""coronary arteriosclerosis"",""chest pain"",""cerebrovascular disorders"",""carotid artery diseases"",""cardiovascular diseases"",""Restrictive cardiomyopathy"",""cardiomyopathy, dilated"",""atrial flutter"",""atrial fibrillation"",""atherosclerosis"",""arteriosclerosis"",""arterial occlusive diseases"",""cardiac arrhythmia"",""aortic valve stenosis"",""aortic valve insufficiency"",""aortic diseases"",""aortic coarctation"",""angina"",""aneurysm""]"
"ACUNA, DIANNE SILVIA",1902879745,Cardiology,Cardiology,"[""Secondary hypertension"",""Cardiomegaly"",""Abnormal electrocardiogram"",""Palpitations"",""Orthostatic hypotension"",""Resistant hypertension"",""Pulmonary Valve Stenosis"",""Chronic venous insufficiency"",""Heart murmur"",""Sports Cardiology"",""Preventive Cardiology"",""LGBTQIA+ Cardiovascular Health"",""Cardiogenetics"",""Mild mitral valve regurgitation"",""Rheumatic mitral valve prolapse"",""pulmonary arterial hypertension"",""coronary artery disease"",""takotsubo cardiomyopathy"",""electrocardiography"",""Cardiomyopathy, Familial Idiopathic"",""cardiovascular stress testing"",""Postural Orthostatic Tachycardia Syndrome"",""structural disorder of heart"",""primary prevention of ischemic heart disease"",""aortic valve disorder"",""cardiovascular evaluation"",""cardiac valve leak"",""aneurysm of aortic arch"",""mitral"",""bradycardia"",""aortic aneurysm, thoracoabdominal"",""Postpartum cardiomyopathy"",""renal vascular disorder"",""disorder of pericardium"",""tricuspid valve disorder"",""ventricular dysfunction"",""dyslipidemia"",""Holter Monitors"",""cardiologist"",""aortic aneurysm, thoracic"",""coronary artery anomaly nos (disorder)"",""hypertensive heart disease"",""deep vein thrombosis"",""Peripheral edema"",""ventricular arrhythmia"",""ventricular fibrillation"",""tricuspid valve stenosis"",""tricuspid valve insufficiency"",""tachycardia"",""syncope"",""pericarditis"",""pericardial effusion"",""palpitations nos"",""myocarditis"",""myocardial infarction"",""cardiomyopathy"",""mitral valve stenosis"",""mitral valve prolapse"",""mitral valve insufficiency"",""mitral valve disorders nos (disorder)"",""hypertriglyceridemia"",""hypertensive disease"",""hyperlipidemia"",""hypercholesterolemia"",""heart valve disease"",""heart failure"",""heart diseases"",""endocarditis"",""coronary arteriosclerosis"",""chest pain"",""cerebrovascular disorders"",""carotid artery diseases"",""cardiovascular diseases"",""Restrictive cardiomyopathy"",""cardiomyopathy, dilated"",""atrial flutter"",""atrial fibrillation"",""atherosclerosis"",""arteriosclerosis"",""arterial occlusive diseases"",""cardiac arrhythmia"",""aortic valve stenosis"",""aortic valve insufficiency"",""aortic diseases"",""aortic coarctation"",""angina"",""aneurysm""]"
"ADEBAJO, ABIMBOLA",1942684667,Cardiology,Cardiology,"[""Secondary hypertension"",""Cardiomegaly"",""Abnormal electrocardiogram"",""Palpitations"",""Orthostatic hypotension"",""Resistant hypertension"",""Pulmonary Valve Stenosis"",""Chronic venous insufficiency"",""Heart murmur"",""Sports Cardiology"",""Preventive Cardiology"",""LGBTQIA+ Cardiovascular Health"",""Cardiogenetics"",""Mild mitral valve regurgitation"",""Rheumatic mitral valve prolapse"",""pulmonary arterial hypertension"",""coronary artery disease"",""takotsubo cardiomyopathy"",""electrocardiography"",""Cardiomyopathy, Familial Idiopathic"",""cardiovascular stress testing"",""Postural Orthostatic Tachycardia Syndrome"",""structural disorder of heart"",""primary prevention of ischemic heart disease"",""aortic valve disorder"",""cardiovascular evaluation"",""cardiac valve leak"",""aneurysm of aortic arch"",""mitral"",""bradycardia"",""aortic aneurysm, thoracoabdominal"",""Postpartum cardiomyopathy"",""renal vascular disorder"",""disorder of pericardium"",""tricuspid valve disorder"",""ventricular dysfunction"",""dyslipidemia"",""Holter Monitors"",""cardiologist"",""aortic aneurysm, thoracic"",""coronary artery anomaly nos (disorder)"",""hypertensive heart disease"",""deep vein thrombosis"",""Peripheral edema"",""ventricular arrhythmia"",""ventricular fibrillation"",""tricuspid valve stenosis"",""tricuspid valve insufficiency"",""tachycardia"",""syncope"",""pericarditis"",""pericardial effusion"",""palpitations nos"",""myocarditis"",""myocardial infarction"",""cardiomyopathy"",""mitral valve stenosis"",""mitral valve prolapse"",""mitral valve insufficiency"",""mitral valve disorders nos (disorder)"",""hypertriglyceridemia"",""hypertensive disease"",""hyperlipidemia"",""hypercholesterolemia"",""heart valve disease"",""heart failure"",""heart diseases"",""endocarditis"",""coronary arteriosclerosis"",""chest pain"",""cerebrovascular disorders"",""carotid artery diseases"",""cardiovascular diseases"",""Restrictive cardiomyopathy"",""cardiomyopathy, dilated"",""atrial flutter"",""atrial fibrillation"",""atherosclerosis"",""arteriosclerosis"",""arterial occlusive diseases"",""cardiac arrhythmia"",""aortic valve stenosis"",""aortic valve insufficiency"",""aortic diseases"",""aortic coarctation"",""angina"",""aneurysm""]"
"ADIBI, BABACK",1164491346,Cardiology,Cardiology,"[""Secondary hypertension"",""Cardiomegaly"",""Abnormal electrocardiogram"",""Palpitations"",""Orthostatic hypotension"",""Resistant hypertension"",""Pulmonary Valve Stenosis"",""Chronic venous insufficiency"",""Heart murmur"",""Sports Cardiology"",""Preventive Cardiology"",""LGBTQIA+ Cardiovascular Health"",""Cardiogenetics"",""Mild mitral valve regurgitation"",""Rheumatic mitral valve prolapse"",""pulmonary arterial hypertension"",""coronary artery disease"",""takotsubo cardiomyopathy"",""electrocardiography"",""Cardiomyopathy, Familial Idiopathic"",""cardiovascular stress testing"",""Postural Orthostatic Tachycardia Syndrome"",""structural disorder of heart"",""primary prevention of ischemic heart disease"",""aortic valve disorder"",""cardiovascular evaluation"",""cardiac valve leak"",""aneurysm of aortic arch"",""mitral"",""bradycardia"",""aortic aneurysm, thoracoabdominal"",""Postpartum cardiomyopathy"",""renal vascular disorder"",""disorder of pericardium"",""tricuspid valve disorder"",""ventricular dysfunction"",""dyslipidemia"",""Holter Monitors"",""cardiologist"",""aortic aneurysm, thoracic"",""coronary artery anomaly nos (disorder)"",""hypertensive heart disease"",""deep vein thrombosis"",""Peripheral edema"",""ventricular arrhythmia"",""ventricular fibrillation"",""tricuspid valve stenosis"",""tricuspid valve insufficiency"",""tachycardia"",""syncope"",""pericarditis"",""pericardial effusion"",""palpitations nos"",""myocarditis"",""myocardial infarction"",""cardiomyopathy"",""mitral valve stenosis"",""mitral valve prolapse"",""mitral valve insufficiency"",""mitral valve disorders nos (disorder)"",""hypertriglyceridemia"",""hypertensive disease"",""hyperlipidemia"",""hypercholesterolemia"",""heart valve disease"",""heart failure"",""heart diseases"",""endocarditis"",""coronary arteriosclerosis"",""chest pain"",""cerebrovascular disorders"",""carotid artery diseases"",""cardiovascular diseases"",""Restrictive cardiomyopathy"",""cardiomyopathy, dilated"",""atrial flutter"",""atrial fibrillation"",""atherosclerosis"",""arteriosclerosis"",""arterial occlusive diseases"",""cardiac arrhythmia"",""aortic valve stenosis"",""aortic valve insufficiency"",""aortic diseases"",""aortic coarctation"",""angina"",""aneurysm""]"
"ADIGUZEL, ARZU",1598019127,Cardiology,Cardiology,"[""Secondary hypertension"",""Cardiomegaly"",""Abnormal electrocardiogram"",""Palpitations"",""Orthostatic hypotension"",""Resistant hypertension"",""Pulmonary Valve Stenosis"",""Chronic venous insufficiency"",""Heart murmur"",""Sports Cardiology"",""Preventive Cardiology"",""LGBTQIA+ Cardiovascular Health"",""Cardiogenetics"",""Mild mitral valve regurgitation"",""Rheumatic mitral valve prolapse"",""pulmonary arterial hypertension"",""coronary artery disease"",""takotsubo cardiomyopathy"",""electrocardiography"",""Cardiomyopathy, Familial Idiopathic"",""cardiovascular stress testing"",""Postural Orthostatic Tachycardia Syndrome"",""structural disorder of heart"",""primary prevention of ischemic heart disease"",""aortic valve disorder"",""cardiovascular evaluation"",""cardiac valve leak"",""aneurysm of aortic arch"",""mitral"",""bradycardia"",""aortic aneurysm, thoracoabdominal"",""Postpartum cardiomyopathy"",""renal vascular disorder"",""disorder of pericardium"",""tricuspid valve disorder"",""ventricular dysfunction"",""dyslipidemia"",""Holter Monitors"",""cardiologist"",""aortic aneurysm, thoracic"",""coronary artery anomaly nos (disorder)"",""hypertensive heart disease"",""deep vein thrombosis"",""Peripheral edema"",""ventricular arrhythmia"",""ventricular fibrillation"",""tricuspid valve stenosis"",""tricuspid valve insufficiency"",""tachycardia"",""syncope"",""pericarditis"",""pericardial effusion"",""palpitations nos"",""myocarditis"",""myocardial infarction"",""cardiomyopathy"",""mitral valve stenosis"",""mitral valve prolapse"",""mitral valve insufficiency"",""mitral valve disorders nos (disorder)"",""hypertriglyceridemia"",""hypertensive disease"",""hyperlipidemia"",""hypercholesterolemia"",""heart valve disease"",""heart failure"",""heart diseases"",""endocarditis"",""coronary arteriosclerosis"",""chest pain"",""cerebrovascular disorders"",""carotid artery diseases"",""cardiovascular diseases"",""Restrictive cardiomyopathy"",""cardiomyopathy, dilated"",""atrial flutter"",""atrial fibrillation"",""atherosclerosis"",""arteriosclerosis"",""arterial occlusive diseases"",""cardiac arrhythmia"",""aortic valve stenosis"",""aortic valve insufficiency"",""aortic diseases"",""aortic coarctation"",""angina"",""aneurysm""]"
"AFFLU, ERNEST D",1447294764,Cardiology,Cardiology,"[""Secondary hypertension"",""Cardiomegaly"",""Abnormal electrocardiogram"",""Palpitations"",""Orthostatic hypotension"",""Resistant hypertension"",""Pulmonary Valve Stenosis"",""Chronic venous insufficiency"",""Heart murmur"",""Sports Cardiology"",""Preventive Cardiology"",""LGBTQIA+ Cardiovascular Health"",""Cardiogenetics"",""Mild mitral valve regurgitation"",""Rheumatic mitral valve prolapse"",""pulmonary arterial hypertension"",""coronary artery disease"",""takotsubo cardiomyopathy"",""electrocardiography"",""Cardiomyopathy, Familial Idiopathic"",""cardiovascular stress testing"",""Postural Orthostatic Tachycardia Syndrome"",""structural disorder of heart"",""primary prevention of ischemic heart disease"",""aortic valve disorder"",""cardiovascular evaluation"",""cardiac valve leak"",""aneurysm of aortic arch"",""mitral"",""bradycardia"",""aortic aneurysm, thoracoabdominal"",""Postpartum cardiomyopathy"",""renal vascular disorder"",""disorder of pericardium"",""tricuspid valve disorder"",""ventricular dysfunction"",""dyslipidemia"",""Holter Monitors"",""cardiologist"",""aortic aneurysm, thoracic"",""coronary artery anomaly nos (disorder)"",""hypertensive heart disease"",""deep vein thrombosis"",""Peripheral edema"",""ventricular arrhythmia"",""ventricular fibrillation"",""tricuspid valve stenosis"",""tricuspid valve insufficiency"",""tachycardia"",""syncope"",""pericarditis"",""pericardial effusion"",""palpitations nos"",""myocarditis"",""myocardial infarction"",""cardiomyopathy"",""mitral valve stenosis"",""mitral valve prolapse"",""mitral valve insufficiency"",""mitral valve disorders nos (disorder)"",""hypertriglyceridemia"",""hypertensive disease"",""hyperlipidemia"",""hypercholesterolemia"",""heart valve disease"",""heart failure"",""heart diseases"",""endocarditis"",""coronary arteriosclerosis"",""chest pain"",""cerebrovascular disorders"",""carotid artery diseases"",""cardiovascular diseases"",""Restrictive cardiomyopathy"",""cardiomyopathy, dilated"",""atrial flutter"",""atrial fibrillation"",""atherosclerosis"",""arteriosclerosis"",""arterial occlusive diseases"",""cardiac arrhythmia"",""aortic valve stenosis"",""aortic valve insufficiency"",""aortic diseases"",""aortic coarctation"",""angina"",""aneurysm""]"
"HTUN, WAH WAH",1083943179,Cardiology,Cardiology - Adult Congenital,"[""Single Ventricle Defect"",""Dextrocardia"",""ventricular septal defect"",""atrial septal defect"",""Vascular ring"",""truncus arteriosus"",""transposition of great vessels"",""Total anomalous pulmonary venous return"",""tetralogy of fallot"",""Subaortic stenosis"",""Right ventricular outflow tract abnormality"",""Pulmonary Valve Stenosis"",""Pulmonary Stenosis"",""Patent ductus arteriosus"",""mitral valve stenosis"",""Left ventricular outflow tract abnormality"",""Interrupted aortic arch"",""Hypoplastic Left Heart Syndrome"",""Heterotaxy Syndrome"",""Eisenmenger ventricular septal defect"",""Ebstein Anomaly"",""Double Outlet Right Ventricle"",""congenital atresia of pulmonary valve"",""Bicuspid aortic valve"",""atrioventricular septal defect"",""aortic valve stenosis"",""aortic coarctation""]"
"FINKIELSTEIN, DENNIS",1245214345,Cardiology,Cardiology,"[""coronary artery disease"",""atrial fibrillation"",""heart failure"",""cardiomyopathy"",""hypertension"",""valve disorders"",""Preventive Cardiology"",""Sports Cardiology"",""Cardiogenetics""]"
"KIM, YULI Y",1952573842,Cardiology,Cardiology - Adult Congenital,"[""Single Ventricle Defect"",""Dextrocardia"",""ventricular septal defect"",""atrial septal defect"",""Vascular ring"",""truncus arteriosus"",""transposition of great vessels"",""Total anomalous pulmonary venous return"",""tetralogy of fallot"",""Subaortic stenosis"",""Right ventricular outflow tract abnormality"",""Pulmonary Valve Stenosis"",""Pulmonary Stenosis"",""Patent ductus arteriosus"",""mitral valve stenosis"",""Left ventricular outflow tract abnormality"",""Interrupted aortic arch"",""Hypoplastic Left Heart Syndrome"",""Heterotaxy Syndrome"",""Eisenmenger ventricular septal defect"",""Ebstein Anomaly"",""Double Outlet Right Ventricle"",""congenital atresia of pulmonary valve"",""Bicuspid aortic valve"",""atrioventricular septal defect"",""aortic valve stenosis"",""aortic coarctation""]"
"LAU, DAVID HAI-PONG",1902064421,Cardiology,Cardiology - Adult Congenital,"[""Single Ventricle Defect"",""Dextrocardia"",""ventricular septal defect"",""atrial septal defect"",""Vascular ring"",""truncus arteriosus"",""transposition of great vessels"",""Total anomalous pulmonary venous return"",""tetralogy of fallot"",""Subaortic stenosis"",""Right ventricular outflow tract abnormality"",""Pulmonary Valve Stenosis"",""Pulmonary Stenosis"",""Patent ductus arteriosus"",""mitral valve stenosis"",""Left ventricular outflow tract abnormality"",""Interrupted aortic arch"",""Hypoplastic Left Heart Syndrome"",""Heterotaxy Syndrome"",""Eisenmenger ventricular septal defect"",""Ebstein Anomaly"",""Double Outlet Right Ventricle"",""congenital atresia of pulmonary valve"",""Bicuspid aortic valve"",""atrioventricular septal defect"",""aortic valve stenosis"",""aortic coarctation""]"
"LIOU, MICHAEL CHIEN-HONG",1447456231,Cardiology,Cardiology - Adult Congenital,"[""Single Ventricle Defect"",""Dextrocardia"",""ventricular septal defect"",""atrial septal defect"",""Vascular ring"",""truncus arteriosus"",""transposition of great vessels"",""Total anomalous pulmonary venous return"",""tetralogy of fallot"",""Subaortic stenosis"",""Right ventricular outflow tract abnormality"",""Pulmonary Valve Stenosis"",""Pulmonary Stenosis"",""Patent ductus arteriosus"",""mitral valve stenosis"",""Left ventricular outflow tract abnormality"",""Interrupted aortic arch"",""Hypoplastic Left Heart Syndrome"",""Heterotaxy Syndrome"",""Eisenmenger ventricular septal defect"",""Ebstein Anomaly"",""Double Outlet Right Ventricle"",""congenital atresia of pulmonary valve"",""Bicuspid aortic valve"",""atrioventricular septal defect"",""aortic valve stenosis"",""aortic coarctation""]"
"PILGRIM, SCOTT MATTHEW",1487855169,Cardiology,Cardiology - Adult Congenital,"[""Single Ventricle Defect"",""Dextrocardia"",""ventricular septal defect"",""atrial septal defect"",""Vascular ring"",""truncus arteriosus"",""transposition of great vessels"",""Total anomalous pulmonary venous return"",""tetralogy of fallot"",""Subaortic stenosis"",""Right ventricular outflow tract abnormality"",""Pulmonary Valve Stenosis"",""Pulmonary Stenosis"",""Patent ductus arteriosus"",""mitral valve stenosis"",""Left ventricular outflow tract abnormality"",""Interrupted aortic arch"",""Hypoplastic Left Heart Syndrome"",""Heterotaxy Syndrome"",""Eisenmenger ventricular septal defect"",""Ebstein Anomaly"",""Double Outlet Right Ventricle"",""congenital atresia of pulmonary valve"",""Bicuspid aortic valve"",""atrioventricular septal defect"",""aortic valve stenosis"",""aortic coarctation""]"
"SABANAYAGAM, AARTHI",1063665339,Cardiology,Cardiology - Adult Congenital,"[""Single Ventricle Defect"",""Dextrocardia"",""ventricular septal defect"",""atrial septal defect"",""Vascular ring"",""truncus arteriosus"",""transposition of great vessels"",""Total anomalous pulmonary venous return"",""tetralogy of fallot"",""Subaortic stenosis"",""Right ventricular outflow tract abnormality"",""Pulmonary Valve Stenosis"",""Pulmonary Stenosis"",""Patent ductus arteriosus"",""mitral valve stenosis"",""Left ventricular outflow tract abnormality"",""Interrupted aortic arch"",""Hypoplastic Left Heart Syndrome"",""Heterotaxy Syndrome"",""Eisenmenger ventricular septal defect"",""Ebstein Anomaly"",""Double Outlet Right Ventricle"",""congenital atresia of pulmonary valve"",""Bicuspid aortic valve"",""atrioventricular septal defect"",""aortic valve stenosis"",""aortic coarctation""]"
"SHAH, SOORAJ",1902041643,Cardiology,Cardiology - Adult Congenital,"[""Single Ventricle Defect"",""Dextrocardia"",""ventricular septal defect"",""atrial septal defect"",""Vascular ring"",""truncus arteriosus"",""transposition of great vessels"",""Total anomalous pulmonary venous return"",""tetralogy of fallot"",""Subaortic stenosis"",""Right ventricular outflow tract abnormality"",""Pulmonary Valve Stenosis"",""Pulmonary Stenosis"",""Patent ductus arteriosus"",""mitral valve stenosis"",""Left ventricular outflow tract abnormality"",""Interrupted aortic arch"",""Hypoplastic Left Heart Syndrome"",""Heterotaxy Syndrome"",""Eisenmenger ventricular septal defect"",""Ebstein Anomaly"",""Double Outlet Right Ventricle"",""congenital atresia of pulmonary valve"",""Bicuspid aortic valve"",""atrioventricular septal defect"",""aortic valve stenosis"",""aortic coarctation""]"
"SINGH, HARSIMRAN SACHDEVA",1841224342,Cardiology,Cardiology - Adult Congenital,"[""Single Ventricle Defect"",""Dextrocardia"",""ventricular septal defect"",""atrial septal defect"",""Vascular ring"",""truncus arteriosus"",""transposition of great vessels"",""Total anomalous pulmonary venous return"",""tetralogy of fallot"",""Subaortic stenosis"",""Right ventricular outflow tract abnormality"",""Pulmonary Valve Stenosis"",""Pulmonary Stenosis"",""Patent ductus arteriosus"",""mitral valve stenosis"",""Left ventricular outflow tract abnormality"",""Interrupted aortic arch"",""Hypoplastic Left Heart Syndrome"",""Heterotaxy Syndrome"",""Eisenmenger ventricular septal defect"",""Ebstein Anomaly"",""Double Outlet Right Ventricle"",""congenital atresia of pulmonary valve"",""Bicuspid aortic valve"",""atrioventricular septal defect"",""aortic valve stenosis"",""aortic coarctation""]"
"SOMMER, ROBERT JAY",1316954514,Cardiology,Cardiology - Adult Congenital,"[""Single Ventricle Defect"",""Dextrocardia"",""ventricular septal defect"",""atrial septal defect"",""Vascular ring"",""truncus arteriosus"",""transposition of great vessels"",""Total anomalous pulmonary venous return"",""tetralogy of fallot"",""Subaortic stenosis"",""Right ventricular outflow tract abnormality"",""Pulmonary Valve Stenosis"",""Pulmonary Stenosis"",""Patent ductus arteriosus"",""mitral valve stenosis"",""Left ventricular outflow tract abnormality"",""Interrupted aortic arch"",""Hypoplastic Left Heart Syndrome"",""Heterotaxy Syndrome"",""Eisenmenger ventricular septal defect"",""Ebstein Anomaly"",""Double Outlet Right Ventricle"",""congenital atresia of pulmonary valve"",""Bicuspid aortic valve"",""atrioventricular septal defect"",""aortic valve stenosis"",""aortic coarctation""]"
"WAGMAN, GABRIEL MICHAEL",1487989190,Cardiology,Cardiology - Adult Congenital,"[""Single Ventricle Defect"",""Dextrocardia"",""ventricular septal defect"",""atrial septal defect"",""Vascular ring"",""truncus arteriosus"",""transposition of great vessels"",""Total anomalous pulmonary venous return"",""tetralogy of fallot"",""Subaortic stenosis"",""Right ventricular outflow tract abnormality"",""Pulmonary Valve Stenosis"",""Pulmonary Stenosis"",""Patent ductus arteriosus"",""mitral valve stenosis"",""Left ventricular outflow tract abnormality"",""Interrupted aortic arch"",""Hypoplastic Left Heart Syndrome"",""Heterotaxy Syndrome"",""Eisenmenger ventricular septal defect"",""Ebstein Anomaly"",""Double Outlet Right Ventricle"",""congenital atresia of pulmonary valve"",""Bicuspid aortic valve"",""atrioventricular septal defect"",""aortic valve stenosis"",""aortic coarctation""]"
"ROJAS-MARTE, GEURYS",1710234547,Cardiology,Cardiology - Advanced Heart Failure,"[""heart failure"",""dilated cardiomyopathy"",""restrictive cardiomyopathy"",""hypertrophic cardiomyopathy"",""cardiac amyloidosis (ATTR)"",""cardiac amyloidosis (AL)"",""myocarditis"",""takotsubo cardiomyopathy"",""ventricular dysfunction""]"
"AGGARWAL-GUPTA, CHHAYA",1518124684,Cardiology,Cardiology - Advanced Heart Failure,"[""Amyloid cardiomyopathy"",""Light chain (AL) cardiac amyloidosis"",""Hereditary transthyretin cardiac amyloidosis"",""Wild-type transthyretin (ATTR) amyloidosis"",""Cardiac Amyloidosis"",""Cardiac sarcoidosis"",""Advanced Heart Failure Cardiologist"",""Severe aortic valve stenosis"",""Systolic left ventricular heart failure"",""Heart failure with reduced ejection fraction"",""Inflammatory cardiomyopathy"",""Heart failure with normal ejection fraction"",""Chronic combined systolic and diastolic heart failure"",""takotsubo cardiomyopathy"",""structural disorder of heart"",""Heart Failure, Diastolic"",""Heart Failure, Systolic"",""Refractory angina"",""Intra-aortic balloon pump, device"",""ischemic cardiomyopathy"",""ventricular dysfunction"",""Heart Failure, Right-Sided"",""myocarditis"",""cardiomyopathy"",""congestive heart failure"",""heart failure"",""Restrictive cardiomyopathy"",""hypertrophic cardiomyopathy"",""cardiomyopathy, dilated""]"
"ALVAREZ VILLELA, MIGUEL ALBERTO",1740561133,Cardiology,Cardiology - Advanced Heart Failure,"[""Amyloid cardiomyopathy"",""Light chain (AL) cardiac amyloidosis"",""Hereditary transthyretin cardiac amyloidosis"",""Wild-type transthyretin (ATTR) amyloidosis"",""Cardiac Amyloidosis"",""Cardiac sarcoidosis"",""Advanced Heart Failure Cardiologist"",""Severe aortic valve stenosis"",""Systolic left ventricular heart failure"",""Heart failure with reduced ejection fraction"",""Inflammatory cardiomyopathy"",""Heart failure with normal ejection fraction"",""Chronic combined systolic and diastolic heart failure"",""takotsubo cardiomyopathy"",""structural disorder of heart"",""Heart Failure, Diastolic"",""Heart Failure, Systolic"",""Refractory angina"",""Intra-aortic balloon pump, device"",""ischemic cardiomyopathy"",""ventricular dysfunction"",""Heart Failure, Right-Sided"",""myocarditis"",""cardiomyopathy"",""congestive heart failure"",""heart failure"",""Restrictive cardiomyopathy"",""hypertrophic cardiomyopathy"",""cardiomyopathy, dilated""]"
"AVILA ROBLES, MARIA D",1508014002,Cardiology,Cardiology - Advanced Heart Failure,"[""Amyloid cardiomyopathy"",""Light chain (AL) cardiac amyloidosis"",""Hereditary transthyretin cardiac amyloidosis"",""Wild-type transthyretin (ATTR) amyloidosis"",""Cardiac Amyloidosis"",""Cardiac sarcoidosis"",""Advanced Heart Failure Cardiologist"",""Severe aortic valve stenosis"",""Systolic left ventricular heart failure"",""Heart failure with reduced ejection fraction"",""Inflammatory cardiomyopathy"",""Heart failure with normal ejection fraction"",""Chronic combined systolic and diastolic heart failure"",""takotsubo cardiomyopathy"",""structural disorder of heart"",""Heart Failure, Diastolic"",""Heart Failure, Systolic"",""Refractory angina"",""Intra-aortic balloon pump, device"",""ischemic cardiomyopathy"",""ventricular dysfunction"",""Heart Failure, Right-Sided"",""myocarditis"",""cardiomyopathy"",""congestive heart failure"",""heart failure"",""Restrictive cardiomyopathy"",""hypertrophic cardiomyopathy"",""cardiomyopathy, dilated""]"
"AXSOM, KELLY MARIE",1841459997,Cardiology,Cardiology - Advanced Heart Failure,"[""Amyloid cardiomyopathy"",""Light chain (AL) cardiac amyloidosis"",""Hereditary transthyretin cardiac amyloidosis"",""Wild-type transthyretin (ATTR) amyloidosis"",""Cardiac Amyloidosis"",""Cardiac sarcoidosis"",""Advanced Heart Failure Cardiologist"",""Severe aortic valve stenosis"",""Systolic left ventricular heart failure"",""Heart failure with reduced ejection fraction"",""Inflammatory cardiomyopathy"",""Heart failure with normal ejection fraction"",""Chronic combined systolic and diastolic heart failure"",""takotsubo cardiomyopathy"",""structural disorder of heart"",""Heart Failure, Diastolic"",""Heart Failure, Systolic"",""Refractory angina"",""Intra-aortic balloon pump, device"",""ischemic cardiomyopathy"",""ventricular dysfunction"",""Heart Failure, Right-Sided"",""myocarditis"",""cardiomyopathy"",""congestive heart failure"",""heart failure"",""Restrictive cardiomyopathy"",""hypertrophic cardiomyopathy"",""cardiomyopathy, dilated""]"
"BERKOWITZ, ROBERT L",1437217973,Cardiology,Cardiology - Advanced Heart Failure,"[""Amyloid cardiomyopathy"",""Light chain (AL) cardiac amyloidosis"",""Hereditary transthyretin cardiac amyloidosis"",""Wild-type transthyretin (ATTR) amyloidosis"",""Cardiac Amyloidosis"",""Cardiac sarcoidosis"",""Advanced Heart Failure Cardiologist"",""Severe aortic valve stenosis"",""Systolic left ventricular heart failure"",""Heart failure with reduced ejection fraction"",""Inflammatory cardiomyopathy"",""Heart failure with normal ejection fraction"",""Chronic combined systolic and diastolic heart failure"",""takotsubo cardiomyopathy"",""structural disorder of heart"",""Heart Failure, Diastolic"",""Heart Failure, Systolic"",""Refractory angina"",""Intra-aortic balloon pump, device"",""ischemic cardiomyopathy"",""ventricular dysfunction"",""Heart Failure, Right-Sided"",""myocarditis"",""cardiomyopathy"",""congestive heart failure"",""heart failure"",""Restrictive cardiomyopathy"",""hypertrophic cardiomyopathy"",""cardiomyopathy, dilated""]"
"BIJOU, RACHEL",1225115082,Cardiology,Cardiology - Advanced Heart Failure,"[""Amyloid cardiomyopathy"",""Light chain (AL) cardiac amyloidosis"",""Hereditary transthyretin cardiac amyloidosis"",""Wild-type transthyretin (ATTR) amyloidosis"",""Cardiac Amyloidosis"",""Cardiac sarcoidosis"",""Advanced Heart Failure Cardiologist"",""Severe aortic valve stenosis"",""Systolic left ventricular heart failure"",""Heart failure with reduced ejection fraction"",""Inflammatory cardiomyopathy"",""Heart failure with normal ejection fraction"",""Chronic combined systolic and diastolic heart failure"",""takotsubo cardiomyopathy"",""structural disorder of heart"",""Heart Failure, Diastolic"",""Heart Failure, Systolic"",""Refractory angina"",""Intra-aortic balloon pump, device"",""ischemic cardiomyopathy"",""ventricular dysfunction"",""Heart Failure, Right-Sided"",""myocarditis"",""cardiomyopathy"",""congestive heart failure"",""heart failure"",""Restrictive cardiomyopathy"",""hypertrophic cardiomyopathy"",""cardiomyopathy, dilated""]"
"BLOOM, MICHELLE EMILY",1952569873,Cardiology,Cardiology - Advanced Heart Failure,"[""Amyloid cardiomyopathy"",""Light chain (AL) cardiac amyloidosis"",""Hereditary transthyretin cardiac amyloidosis"",""Wild-type transthyretin (ATTR) amyloidosis"",""Cardiac Amyloidosis"",""Cardiac sarcoidosis"",""Advanced Heart Failure Cardiologist"",""Severe aortic valve stenosis"",""Systolic left ventricular heart failure"",""Heart failure with reduced ejection fraction"",""Inflammatory cardiomyopathy"",""Heart failure with normal ejection fraction"",""Chronic combined systolic and diastolic heart failure"",""takotsubo cardiomyopathy"",""structural disorder of heart"",""Heart Failure, Diastolic"",""Heart Failure, Systolic"",""Refractory angina"",""Intra-aortic balloon pump, device"",""ischemic cardiomyopathy"",""ventricular dysfunction"",""Heart Failure, Right-Sided"",""myocarditis"",""cardiomyopathy"",""congestive heart failure"",""heart failure"",""Restrictive cardiomyopathy"",""hypertrophic cardiomyopathy"",""cardiomyopathy, dilated""]"
"BUTLER, JAVED",1639100928,Cardiology,Cardiology - Advanced Heart Failure,"[""Amyloid cardiomyopathy"",""Light chain (AL) cardiac amyloidosis"",""Hereditary transthyretin cardiac amyloidosis"",""Wild-type transthyretin (ATTR) amyloidosis"",""Cardiac Amyloidosis"",""Cardiac sarcoidosis"",""Advanced Heart Failure Cardiologist"",""Severe aortic valve stenosis"",""Systolic left ventricular heart failure"",""Heart failure with reduced ejection fraction"",""Inflammatory cardiomyopathy"",""Heart failure with normal ejection fraction"",""Chronic combined systolic and diastolic heart failure"",""takotsubo cardiomyopathy"",""structural disorder of heart"",""Heart Failure, Diastolic"",""Heart Failure, Systolic"",""Refractory angina"",""Intra-aortic balloon pump, device"",""ischemic cardiomyopathy"",""ventricular dysfunction"",""Heart Failure, Right-Sided"",""myocarditis"",""cardiomyopathy"",""congestive heart failure"",""heart failure"",""Restrictive cardiomyopathy"",""hypertrophic cardiomyopathy"",""cardiomyopathy, dilated""]"
"CHAVEZ, PATRICIA",1710273990,Cardiology,Cardiology - Advanced Heart Failure,"[""Amyloid cardiomyopathy"",""Light chain (AL) cardiac amyloidosis"",""Hereditary transthyretin cardiac amyloidosis"",""Wild-type transthyretin (ATTR) amyloidosis"",""Cardiac Amyloidosis"",""Cardiac sarcoidosis"",""Advanced Heart Failure Cardiologist"",""Severe aortic valve stenosis"",""Systolic left ventricular heart failure"",""Heart failure with reduced ejection fraction"",""Inflammatory cardiomyopathy"",""Heart failure with normal ejection fraction"",""Chronic combined systolic and diastolic heart failure"",""takotsubo cardiomyopathy"",""structural disorder of heart"",""Heart Failure, Diastolic"",""Heart Failure, Systolic"",""Refractory angina"",""Intra-aortic balloon pump, device"",""ischemic cardiomyopathy"",""ventricular dysfunction"",""Heart Failure, Right-Sided"",""myocarditis"",""cardiomyopathy"",""congestive heart failure"",""heart failure"",""Restrictive cardiomyopathy"",""hypertrophic cardiomyopathy"",""cardiomyopathy, dilated""]"
"COLOMBO, PAOLO CARLO",1336226810,Cardiology,Cardiology - Advanced Heart Failure,"[""Amyloid cardiomyopathy"",""Light chain (AL) cardiac amyloidosis"",""Hereditary transthyretin cardiac amyloidosis"",""Wild-type transthyretin (ATTR) amyloidosis"",""Cardiac Amyloidosis"",""Cardiac sarcoidosis"",""Advanced Heart Failure Cardiologist"",""Severe aortic valve stenosis"",""Systolic left ventricular heart failure"",""Heart failure with reduced ejection fraction"",""Inflammatory cardiomyopathy"",""Heart failure with normal ejection fraction"",""Chronic combined systolic and diastolic heart failure"",""takotsubo cardiomyopathy"",""structural disorder of heart"",""Heart Failure, Diastolic"",""Heart Failure, Systolic"",""Refractory angina"",""Intra-aortic balloon pump, device"",""ischemic cardiomyopathy"",""ventricular dysfunction"",""Heart Failure, Right-Sided"",""myocarditis"",""cardiomyopathy"",""congestive heart failure"",""heart failure"",""Restrictive cardiomyopathy"",""hypertrophic cardiomyopathy"",""cardiomyopathy, dilated""]"
"COOPER, LAUREN BETH",1447419924,Cardiology,Cardiology - Advanced Heart Failure,"[""Amyloid cardiomyopathy"",""Light chain (AL) cardiac amyloidosis"",""Hereditary transthyretin cardiac amyloidosis"",""Wild-type transthyretin (ATTR) amyloidosis"",""Cardiac Amyloidosis"",""Cardiac sarcoidosis"",""Advanced Heart Failure Cardiologist"",""Severe aortic valve stenosis"",""Systolic left ventricular heart failure"",""Heart failure with reduced ejection fraction"",""Inflammatory cardiomyopathy"",""Heart failure with normal ejection fraction"",""Chronic combined systolic and diastolic heart failure"",""takotsubo cardiomyopathy"",""structural disorder of heart"",""Heart Failure, Diastolic"",""Heart Failure, Systolic"",""Refractory angina"",""Intra-aortic balloon pump, device"",""ischemic cardiomyopathy"",""ventricular dysfunction"",""Heart Failure, Right-Sided"",""myocarditis"",""cardiomyopathy"",""congestive heart failure"",""heart failure"",""Restrictive cardiomyopathy"",""hypertrophic cardiomyopathy"",""cardiomyopathy, dilated""]"
"DULNUAN, KENNETH RASALAN",1083870588,Cardiology,Cardiology - Advanced Heart Failure,"[""Amyloid cardiomyopathy"",""Light chain (AL) cardiac amyloidosis"",""Hereditary transthyretin cardiac amyloidosis"",""Wild-type transthyretin (ATTR) amyloidosis"",""Cardiac Amyloidosis"",""Cardiac sarcoidosis"",""Advanced Heart Failure Cardiologist"",""Severe aortic valve stenosis"",""Systolic left ventricular heart failure"",""Heart failure with reduced ejection fraction"",""Inflammatory cardiomyopathy"",""Heart failure with normal ejection fraction"",""Chronic combined systolic and diastolic heart failure"",""takotsubo cardiomyopathy"",""structural disorder of heart"",""Heart Failure, Diastolic"",""Heart Failure, Systolic"",""Refractory angina"",""Intra-aortic balloon pump, device"",""ischemic cardiomyopathy"",""ventricular dysfunction"",""Heart Failure, Right-Sided"",""myocarditis"",""cardiomyopathy"",""congestive heart failure"",""heart failure"",""Restrictive cardiomyopathy"",""hypertrophic cardiomyopathy"",""cardiomyopathy, dilated""]"
"GIBSON, GREGORY THOMAS",1831536747,Cardiology,Cardiology - Advanced Heart Failure,"[""Amyloid cardiomyopathy"",""Light chain (AL) cardiac amyloidosis"",""Hereditary transthyretin cardiac amyloidosis"",""Wild-type transthyretin (ATTR) amyloidosis"",""Cardiac Amyloidosis"",""Cardiac sarcoidosis"",""Advanced Heart Failure Cardiologist"",""Severe aortic valve stenosis"",""Systolic left ventricular heart failure"",""Heart failure with reduced ejection fraction"",""Inflammatory cardiomyopathy"",""Heart failure with normal ejection fraction"",""Chronic combined systolic and diastolic heart failure"",""takotsubo cardiomyopathy"",""structural disorder of heart"",""Heart Failure, Diastolic"",""Heart Failure, Systolic"",""Refractory angina"",""Intra-aortic balloon pump, device"",""ischemic cardiomyopathy"",""ventricular dysfunction"",""Heart Failure, Right-Sided"",""myocarditis"",""cardiomyopathy"",""congestive heart failure"",""heart failure"",""Restrictive cardiomyopathy"",""hypertrophic cardiomyopathy"",""cardiomyopathy, dilated""]"
"HAYTHE, JENNIFER HADEN",1649346958,Cardiology,Cardiology - Advanced Heart Failure,"[""Amyloid cardiomyopathy"",""Light chain (AL) cardiac amyloidosis"",""Hereditary transthyretin cardiac amyloidosis"",""Wild-type transthyretin (ATTR) amyloidosis"",""Cardiac Amyloidosis"",""Cardiac sarcoidosis"",""Advanced Heart Failure Cardiologist"",""Severe aortic valve stenosis"",""Systolic left ventricular heart failure"",""Heart failure with reduced ejection fraction"",""Inflammatory cardiomyopathy"",""Heart failure with normal ejection fraction"",""Chronic combined systolic and diastolic heart failure"",""takotsubo cardiomyopathy"",""structural disorder of heart"",""Heart Failure, Diastolic"",""Heart Failure, Systolic"",""Refractory angina"",""Intra-aortic balloon pump, device"",""ischemic cardiomyopathy"",""ventricular dysfunction"",""Heart Failure, Right-Sided"",""myocarditis"",""cardiomyopathy"",""congestive heart failure"",""heart failure"",""Restrictive cardiomyopathy"",""hypertrophic cardiomyopathy"",""cardiomyopathy, dilated""]"
"AMOR, MARTIN MIGUEL INOCENCIO",1043573801,Cardiology,Cardiology - Critical Care,"[""Critical Care Cardiologist""]"
"COMA, NICOLE TYLER",1467142265,Cardiology,Cardiology - Critical Care,"[""Critical Care Cardiologist""]"
"PIERCE, MATTHEW JAMES",1952697377,Cardiology,Cardiology - Critical Care,"[""Critical Care Cardiologist""]"
"ROSWELL, ROBERT O.",1881643872,Cardiology,Cardiology - Critical Care,"[""Critical Care Cardiologist""]"
"ABRAMS, MARK PHILLIP",1063755213,Cardiology,Cardiology - Electrophysiology,"[""Paroxysmal atrial fibrillation"",""Pacemaker management"",""Left bundle branch block"",""Right bundle branch block"",""Cardiac Electrophysiologist"",""Fluoroless Catheter Ablation"",""Sports Arrythmia"",""Neuromodulation Ablation"",""Cardiac electrophysiology study"",""Implantable loop recorder"",""Athletic Bradycardia"",""Monophasic cardioversion procedure"",""cardiac device management"",""Cardiomegaly, Exercise-Induced"",""Chemical cardioversion"",""Cardioversion using fluoroscopic guidance"",""Biphasic cardioversion procedure"",""Sudden Cardiac Arrest"",""electrocardiography"",""Brugada Syndrome (disorder)"",""defibrillator/pacemakers"",""VENTRICULAR TACHYCARDIA EXERCISE INDUCED"",""Cardiac implant device"",""External electrode cardioversion"",""Direct current cardioversion"",""bradycardia"",""Internal cardioversion"",""pacemaker care"",""permanent pacemaker"",""Atrial cardioversion"",""Cardioversion by intracardiac catheter"",""Implantation of cardiac pacemaker"",""Atrial fibrillation and flutter"",""premature ventricular contractions"",""ventricular arrhythmia"",""Sudden Cardiac Death"",""Bradyarrhythmia (disorder)"",""wolff-parkinson-white syndrome"",""tachycardia, ventricular"",""ventricular fibrillation"",""supraventricular tachycardia"",""tachycardia"",""syncope"",""Sick Sinus Syndrome"",""palpitations nos"",""Long QT Syndrome"",""Heart Block"",""Electric Countershock"",""atrial flutter"",""atrial fibrillation"",""cardiac arrhythmia"",""Anti-Arrhythmia Agents""]"
"ADELSTEIN, EVAN",1376623090,Cardiology,Cardiology - Electrophysiology,"[""Paroxysmal atrial fibrillation"",""Pacemaker management"",""Left bundle branch block"",""Right bundle branch block"",""Cardiac Electrophysiologist"",""Fluoroless Catheter Ablation"",""Sports Arrythmia"",""Neuromodulation Ablation"",""Cardiac electrophysiology study"",""Implantable loop recorder"",""Athletic Bradycardia"",""Monophasic cardioversion procedure"",""cardiac device management"",""Cardiomegaly, Exercise-Induced"",""Chemical cardioversion"",""Cardioversion using fluoroscopic guidance"",""Biphasic cardioversion procedure"",""Sudden Cardiac Arrest"",""electrocardiography"",""Brugada Syndrome (disorder)"",""defibrillator/pacemakers"",""VENTRICULAR TACHYCARDIA EXERCISE INDUCED"",""Cardiac implant device"",""External electrode cardioversion"",""Direct current cardioversion"",""bradycardia"",""Internal cardioversion"",""pacemaker care"",""permanent pacemaker"",""Atrial cardioversion"",""Cardioversion by intracardiac catheter"",""Implantation of cardiac pacemaker"",""Atrial fibrillation and flutter"",""premature ventricular contractions"",""ventricular arrhythmia"",""Sudden Cardiac Death"",""Bradyarrhythmia (disorder)"",""wolff-parkinson-white syndrome"",""tachycardia, ventricular"",""ventricular fibrillation"",""supraventricular tachycardia"",""tachycardia"",""syncope"",""Sick Sinus Syndrome"",""palpitations nos"",""Long QT Syndrome"",""Heart Block"",""Electric Countershock"",""atrial flutter"",""atrial fibrillation"",""cardiac arrhythmia"",""Anti-Arrhythmia Agents""]"
"AKHRASS, PHILIPPE RIAD",1992762108,Cardiology,Cardiology - Electrophysiology,"[""Paroxysmal atrial fibrillation"",""Pacemaker management"",""Left bundle branch block"",""Right bundle branch block"",""Cardiac Electrophysiologist"",""Fluoroless Catheter Ablation"",""Sports Arrythmia"",""Neuromodulation Ablation"",""Cardiac electrophysiology study"",""Implantable loop recorder"",""Athletic Bradycardia"",""Monophasic cardioversion procedure"",""cardiac device management"",""Cardiomegaly, Exercise-Induced"",""Chemical cardioversion"",""Cardioversion using fluoroscopic guidance"",""Biphasic cardioversion procedure"",""Sudden Cardiac Arrest"",""electrocardiography"",""Brugada Syndrome (disorder)"",""defibrillator/pacemakers"",""VENTRICULAR TACHYCARDIA EXERCISE INDUCED"",""Cardiac implant device"",""External electrode cardioversion"",""Direct current cardioversion"",""bradycardia"",""Internal cardioversion"",""pacemaker care"",""permanent pacemaker"",""Atrial cardioversion"",""Cardioversion by intracardiac catheter"",""Implantation of cardiac pacemaker"",""Atrial fibrillation and flutter"",""premature ventricular contractions"",""ventricular arrhythmia"",""Sudden Cardiac Death"",""Bradyarrhythmia (disorder)"",""wolff-parkinson-white syndrome"",""tachycardia, ventricular"",""ventricular fibrillation"",""supraventricular tachycardia"",""tachycardia"",""syncope"",""Sick Sinus Syndrome"",""palpitations nos"",""Long QT Syndrome"",""Heart Block"",""Electric Countershock"",""atrial flutter"",""atrial fibrillation"",""cardiac arrhythmia"",""Anti-Arrhythmia Agents""]"
"AKRIVAKIS, SPYRIDON",1508047481,Cardiology,Cardiology - Electrophysiology,"[""Paroxysmal atrial fibrillation"",""Pacemaker management"",""Left bundle branch block"",""Right bundle branch block"",""Cardiac Electrophysiologist"",""Fluoroless Catheter Ablation"",""Sports Arrythmia"",""Neuromodulation Ablation"",""Cardiac electrophysiology study"",""Implantable loop recorder"",""Athletic Bradycardia"",""Monophasic cardioversion procedure"",""cardiac device management"",""Cardiomegaly, Exercise-Induced"",""Chemical cardioversion"",""Cardioversion using fluoroscopic guidance"",""Biphasic cardioversion procedure"",""Sudden Cardiac Arrest"",""electrocardiography"",""Brugada Syndrome (disorder)"",""defibrillator/pacemakers"",""VENTRICULAR TACHYCARDIA EXERCISE INDUCED"",""Cardiac implant device"",""External electrode cardioversion"",""Direct current cardioversion"",""bradycardia"",""Internal cardioversion"",""pacemaker care"",""permanent pacemaker"",""Atrial cardioversion"",""Cardioversion by intracardiac catheter"",""Implantation of cardiac pacemaker"",""Atrial fibrillation and flutter"",""premature ventricular contractions"",""ventricular arrhythmia"",""Sudden Cardiac Death"",""Bradyarrhythmia (disorder)"",""wolff-parkinson-white syndrome"",""tachycardia, ventricular"",""ventricular fibrillation"",""supraventricular tachycardia"",""tachycardia"",""syncope"",""Sick Sinus Syndrome"",""palpitations nos"",""Long QT Syndrome"",""Heart Block"",""Electric Countershock"",""atrial flutter"",""atrial fibrillation"",""cardiac arrhythmia"",""Anti-Arrhythmia Agents""]"
"ALSTON, MICHAEL",1598127789,Cardiology,Cardiology - Electrophysiology,"[""Paroxysmal atrial fibrillation"",""Pacemaker management"",""Left bundle branch block"",""Right bundle branch block"",""Cardiac Electrophysiologist"",""Fluoroless Catheter Ablation"",""Sports Arrythmia"",""Neuromodulation Ablation"",""Cardiac electrophysiology study"",""Implantable loop recorder"",""Athletic Bradycardia"",""Monophasic cardioversion procedure"",""cardiac device management"",""Cardiomegaly, Exercise-Induced"",""Chemical cardioversion"",""Cardioversion using fluoroscopic guidance"",""Biphasic cardioversion procedure"",""Sudden Cardiac Arrest"",""electrocardiography"",""Brugada Syndrome (disorder)"",""defibrillator/pacemakers"",""VENTRICULAR TACHYCARDIA EXERCISE INDUCED"",""Cardiac implant device"",""External electrode cardioversion"",""Direct current cardioversion"",""bradycardia"",""Internal cardioversion"",""pacemaker care"",""permanent pacemaker"",""Atrial cardioversion"",""Cardioversion by intracardiac catheter"",""Implantation of cardiac pacemaker"",""Atrial fibrillation and flutter"",""premature ventricular contractions"",""ventricular arrhythmia"",""Sudden Cardiac Death"",""Bradyarrhythmia (disorder)"",""wolff-parkinson-white syndrome"",""tachycardia, ventricular"",""ventricular fibrillation"",""supraventricular tachycardia"",""tachycardia"",""syncope"",""Sick Sinus Syndrome"",""palpitations nos"",""Long QT Syndrome"",""Heart Block"",""Electric Countershock"",""atrial flutter"",""atrial fibrillation"",""cardiac arrhythmia"",""Anti-Arrhythmia Agents""]"
"ALTMAN, ERIK JOSHUA",1740440866,Cardiology,Cardiology - Electrophysiology,"[""Paroxysmal atrial fibrillation"",""Pacemaker management"",""Left bundle branch block"",""Right bundle branch block"",""Cardiac Electrophysiologist"",""Fluoroless Catheter Ablation"",""Sports Arrythmia"",""Neuromodulation Ablation"",""Cardiac electrophysiology study"",""Implantable loop recorder"",""Athletic Bradycardia"",""Monophasic cardioversion procedure"",""cardiac device management"",""Cardiomegaly, Exercise-Induced"",""Chemical cardioversion"",""Cardioversion using fluoroscopic guidance"",""Biphasic cardioversion procedure"",""Sudden Cardiac Arrest"",""electrocardiography"",""Brugada Syndrome (disorder)"",""defibrillator/pacemakers"",""VENTRICULAR TACHYCARDIA EXERCISE INDUCED"",""Cardiac implant device"",""External electrode cardioversion"",""Direct current cardioversion"",""bradycardia"",""Internal cardioversion"",""pacemaker care"",""permanent pacemaker"",""Atrial cardioversion"",""Cardioversion by intracardiac catheter"",""Implantation of cardiac pacemaker"",""Atrial fibrillation and flutter"",""premature ventricular contractions"",""ventricular arrhythmia"",""Sudden Cardiac Death"",""Bradyarrhythmia (disorder)"",""wolff-parkinson-white syndrome"",""tachycardia, ventricular"",""ventricular fibrillation"",""supraventricular tachycardia"",""tachycardia"",""syncope"",""Sick Sinus Syndrome"",""palpitations nos"",""Long QT Syndrome"",""Heart Block"",""Electric Countershock"",""atrial flutter"",""atrial fibrillation"",""cardiac arrhythmia"",""Anti-Arrhythmia Agents""]"
"ATTEYA, GOURG",1538570015,Cardiology,Cardiology - Electrophysiology,"[""Paroxysmal atrial fibrillation"",""Pacemaker management"",""Left bundle branch block"",""Right bundle branch block"",""Cardiac Electrophysiologist"",""Fluoroless Catheter Ablation"",""Sports Arrythmia"",""Neuromodulation Ablation"",""Cardiac electrophysiology study"",""Implantable loop recorder"",""Athletic Bradycardia"",""Monophasic cardioversion procedure"",""cardiac device management"",""Cardiomegaly, Exercise-Induced"",""Chemical cardioversion"",""Cardioversion using fluoroscopic guidance"",""Biphasic cardioversion procedure"",""Sudden Cardiac Arrest"",""electrocardiography"",""Brugada Syndrome (disorder)"",""defibrillator/pacemakers"",""VENTRICULAR TACHYCARDIA EXERCISE INDUCED"",""Cardiac implant device"",""External electrode cardioversion"",""Direct current cardioversion"",""bradycardia"",""Internal cardioversion"",""pacemaker care"",""permanent pacemaker"",""Atrial cardioversion"",""Cardioversion by intracardiac catheter"",""Implantation of cardiac pacemaker"",""Atrial fibrillation and flutter"",""premature ventricular contractions"",""ventricular arrhythmia"",""Sudden Cardiac Death"",""Bradyarrhythmia (disorder)"",""wolff-parkinson-white syndrome"",""tachycardia, ventricular"",""ventricular fibrillation"",""supraventricular tachycardia"",""tachycardia"",""syncope"",""Sick Sinus Syndrome"",""palpitations nos"",""Long QT Syndrome"",""Heart Block"",""Electric Countershock"",""atrial flutter"",""atrial fibrillation"",""cardiac arrhythmia"",""Anti-Arrhythmia Agents""]"
"BECCARINO, NICHOLAS JAMES",1528592169,Cardiology,Cardiology - Electrophysiology,"[""Paroxysmal atrial fibrillation"",""Pacemaker management"",""Left bundle branch block"",""Right bundle branch block"",""Cardiac Electrophysiologist"",""Fluoroless Catheter Ablation"",""Sports Arrythmia"",""Neuromodulation Ablation"",""Cardiac electrophysiology study"",""Implantable loop recorder"",""Athletic Bradycardia"",""Monophasic cardioversion procedure"",""cardiac device management"",""Cardiomegaly, Exercise-Induced"",""Chemical cardioversion"",""Cardioversion using fluoroscopic guidance"",""Biphasic cardioversion procedure"",""Sudden Cardiac Arrest"",""electrocardiography"",""Brugada Syndrome (disorder)"",""defibrillator/pacemakers"",""VENTRICULAR TACHYCARDIA EXERCISE INDUCED"",""Cardiac implant device"",""External electrode cardioversion"",""Direct current cardioversion"",""bradycardia"",""Internal cardioversion"",""pacemaker care"",""permanent pacemaker"",""Atrial cardioversion"",""Cardioversion by intracardiac catheter"",""Implantation of cardiac pacemaker"",""Atrial fibrillation and flutter"",""premature ventricular contractions"",""ventricular arrhythmia"",""Sudden Cardiac Death"",""Bradyarrhythmia (disorder)"",""wolff-parkinson-white syndrome"",""tachycardia, ventricular"",""ventricular fibrillation"",""supraventricular tachycardia"",""tachycardia"",""syncope"",""Sick Sinus Syndrome"",""palpitations nos"",""Long QT Syndrome"",""Heart Block"",""Electric Countershock"",""atrial flutter"",""atrial fibrillation"",""cardiac arrhythmia"",""Anti-Arrhythmia Agents""]"
"BELDNER, STUART J.",1720159114,Cardiology,Cardiology - Electrophysiology,"[""Paroxysmal atrial fibrillation"",""Pacemaker management"",""Left bundle branch block"",""Right bundle branch block"",""Cardiac Electrophysiologist"",""Fluoroless Catheter Ablation"",""Sports Arrythmia"",""Neuromodulation Ablation"",""Cardiac electrophysiology study"",""Implantable loop recorder"",""Athletic Bradycardia"",""Monophasic cardioversion procedure"",""cardiac device management"",""Cardiomegaly, Exercise-Induced"",""Chemical cardioversion"",""Cardioversion using fluoroscopic guidance"",""Biphasic cardioversion procedure"",""Sudden Cardiac Arrest"",""electrocardiography"",""Brugada Syndrome (disorder)"",""defibrillator/pacemakers"",""VENTRICULAR TACHYCARDIA EXERCISE INDUCED"",""Cardiac implant device"",""External electrode cardioversion"",""Direct current cardioversion"",""bradycardia"",""Internal cardioversion"",""pacemaker care"",""permanent pacemaker"",""Atrial cardioversion"",""Cardioversion by intracardiac catheter"",""Implantation of cardiac pacemaker"",""Atrial fibrillation and flutter"",""premature ventricular contractions"",""ventricular arrhythmia"",""Sudden Cardiac Death"",""Bradyarrhythmia (disorder)"",""wolff-parkinson-white syndrome"",""tachycardia, ventricular"",""ventricular fibrillation"",""supraventricular tachycardia"",""tachycardia"",""syncope"",""Sick Sinus Syndrome"",""palpitations nos"",""Long QT Syndrome"",""Heart Block"",""Electric Countershock"",""atrial flutter"",""atrial fibrillation"",""cardiac arrhythmia"",""Anti-Arrhythmia Agents""]"
"BERMAN, JEREMY PAUL",1578881439,Cardiology,Cardiology - Electrophysiology,"[""Paroxysmal atrial fibrillation"",""Pacemaker management"",""Left bundle branch block"",""Right bundle branch block"",""Cardiac Electrophysiologist"",""Fluoroless Catheter Ablation"",""Sports Arrythmia"",""Neuromodulation Ablation"",""Cardiac electrophysiology study"",""Implantable loop recorder"",""Athletic Bradycardia"",""Monophasic cardioversion procedure"",""cardiac device management"",""Cardiomegaly, Exercise-Induced"",""Chemical cardioversion"",""Cardioversion using fluoroscopic guidance"",""Biphasic cardioversion procedure"",""Sudden Cardiac Arrest"",""electrocardiography"",""Brugada Syndrome (disorder)"",""defibrillator/pacemakers"",""VENTRICULAR TACHYCARDIA EXERCISE INDUCED"",""Cardiac implant device"",""External electrode cardioversion"",""Direct current cardioversion"",""bradycardia"",""Internal cardioversion"",""pacemaker care"",""permanent pacemaker"",""Atrial cardioversion"",""Cardioversion by intracardiac catheter"",""Implantation of cardiac pacemaker"",""Atrial fibrillation and flutter"",""premature ventricular contractions"",""ventricular arrhythmia"",""Sudden Cardiac Death"",""Bradyarrhythmia (disorder)"",""wolff-parkinson-white syndrome"",""tachycardia, ventricular"",""ventricular fibrillation"",""supraventricular tachycardia"",""tachycardia"",""syncope"",""Sick Sinus Syndrome"",""palpitations nos"",""Long QT Syndrome"",""Heart Block"",""Electric Countershock"",""atrial flutter"",""atrial fibrillation"",""cardiac arrhythmia"",""Anti-Arrhythmia Agents""]"
"BERNSTEIN, NEIL EVAN",1972599280,Cardiology,Cardiology - Electrophysiology,"[""Paroxysmal atrial fibrillation"",""Pacemaker management"",""Left bundle branch block"",""Right bundle branch block"",""Cardiac Electrophysiologist"",""Fluoroless Catheter Ablation"",""Sports Arrythmia"",""Neuromodulation Ablation"",""Cardiac electrophysiology study"",""Implantable loop recorder"",""Athletic Bradycardia"",""Monophasic cardioversion procedure"",""cardiac device management"",""Cardiomegaly, Exercise-Induced"",""Chemical cardioversion"",""Cardioversion using fluoroscopic guidance"",""Biphasic cardioversion procedure"",""Sudden Cardiac Arrest"",""electrocardiography"",""Brugada Syndrome (disorder)"",""defibrillator/pacemakers"",""VENTRICULAR TACHYCARDIA EXERCISE INDUCED"",""Cardiac implant device"",""External electrode cardioversion"",""Direct current cardioversion"",""bradycardia"",""Internal cardioversion"",""pacemaker care"",""permanent pacemaker"",""Atrial cardioversion"",""Cardioversion by intracardiac catheter"",""Implantation of cardiac pacemaker"",""Atrial fibrillation and flutter"",""premature ventricular contractions"",""ventricular arrhythmia"",""Sudden Cardiac Death"",""Bradyarrhythmia (disorder)"",""wolff-parkinson-white syndrome"",""tachycardia, ventricular"",""ventricular fibrillation"",""supraventricular tachycardia"",""tachycardia"",""syncope"",""Sick Sinus Syndrome"",""palpitations nos"",""Long QT Syndrome"",""Heart Block"",""Electric Countershock"",""atrial flutter"",""atrial fibrillation"",""cardiac arrhythmia"",""Anti-Arrhythmia Agents""]"
"BHASIN, KABIR",1477737716,Cardiology,Cardiology - Electrophysiology,"[""Paroxysmal atrial fibrillation"",""Pacemaker management"",""Left bundle branch block"",""Right bundle branch block"",""Cardiac Electrophysiologist"",""Fluoroless Catheter Ablation"",""Sports Arrythmia"",""Neuromodulation Ablation"",""Cardiac electrophysiology study"",""Implantable loop recorder"",""Athletic Bradycardia"",""Monophasic cardioversion procedure"",""cardiac device management"",""Cardiomegaly, Exercise-Induced"",""Chemical cardioversion"",""Cardioversion using fluoroscopic guidance"",""Biphasic cardioversion procedure"",""Sudden Cardiac Arrest"",""electrocardiography"",""Brugada Syndrome (disorder)"",""defibrillator/pacemakers"",""VENTRICULAR TACHYCARDIA EXERCISE INDUCED"",""Cardiac implant device"",""External electrode cardioversion"",""Direct current cardioversion"",""bradycardia"",""Internal cardioversion"",""pacemaker care"",""permanent pacemaker"",""Atrial cardioversion"",""Cardioversion by intracardiac catheter"",""Implantation of cardiac pacemaker"",""Atrial fibrillation and flutter"",""premature ventricular contractions"",""ventricular arrhythmia"",""Sudden Cardiac Death"",""Bradyarrhythmia (disorder)"",""wolff-parkinson-white syndrome"",""tachycardia, ventricular"",""ventricular fibrillation"",""supraventricular tachycardia"",""tachycardia"",""syncope"",""Sick Sinus Syndrome"",""palpitations nos"",""Long QT Syndrome"",""Heart Block"",""Electric Countershock"",""atrial flutter"",""atrial fibrillation"",""cardiac arrhythmia"",""Anti-Arrhythmia Agents""]"
"BHULLAR, AMARBIR S",1790199453,Cardiology,Cardiology - Electrophysiology,"[""Paroxysmal atrial fibrillation"",""Pacemaker management"",""Left bundle branch block"",""Right bundle branch block"",""Cardiac Electrophysiologist"",""Fluoroless Catheter Ablation"",""Sports Arrythmia"",""Neuromodulation Ablation"",""Cardiac electrophysiology study"",""Implantable loop recorder"",""Athletic Bradycardia"",""Monophasic cardioversion procedure"",""cardiac device management"",""Cardiomegaly, Exercise-Induced"",""Chemical cardioversion"",""Cardioversion using fluoroscopic guidance"",""Biphasic cardioversion procedure"",""Sudden Cardiac Arrest"",""electrocardiography"",""Brugada Syndrome (disorder)"",""defibrillator/pacemakers"",""VENTRICULAR TACHYCARDIA EXERCISE INDUCED"",""Cardiac implant device"",""External electrode cardioversion"",""Direct current cardioversion"",""bradycardia"",""Internal cardioversion"",""pacemaker care"",""permanent pacemaker"",""Atrial cardioversion"",""Cardioversion by intracardiac catheter"",""Implantation of cardiac pacemaker"",""Atrial fibrillation and flutter"",""premature ventricular contractions"",""ventricular arrhythmia"",""Sudden Cardiac Death"",""Bradyarrhythmia (disorder)"",""wolff-parkinson-white syndrome"",""tachycardia, ventricular"",""ventricular fibrillation"",""supraventricular tachycardia"",""tachycardia"",""syncope"",""Sick Sinus Syndrome"",""palpitations nos"",""Long QT Syndrome"",""Heart Block"",""Electric Countershock"",""atrial flutter"",""atrial fibrillation"",""cardiac arrhythmia"",""Anti-Arrhythmia Agents""]"
"BOKHARI, MAHMOUD MOHAMMEDAMIN M",1922654037,Cardiology,Cardiology - Electrophysiology,"[""Paroxysmal atrial fibrillation"",""Pacemaker management"",""Left bundle branch block"",""Right bundle branch block"",""Cardiac Electrophysiologist"",""Fluoroless Catheter Ablation"",""Sports Arrythmia"",""Neuromodulation Ablation"",""Cardiac electrophysiology study"",""Implantable loop recorder"",""Athletic Bradycardia"",""Monophasic cardioversion procedure"",""cardiac device management"",""Cardiomegaly, Exercise-Induced"",""Chemical cardioversion"",""Cardioversion using fluoroscopic guidance"",""Biphasic cardioversion procedure"",""Sudden Cardiac Arrest"",""electrocardiography"",""Brugada Syndrome (disorder)"",""defibrillator/pacemakers"",""VENTRICULAR TACHYCARDIA EXERCISE INDUCED"",""Cardiac implant device"",""External electrode cardioversion"",""Direct current cardioversion"",""bradycardia"",""Internal cardioversion"",""pacemaker care"",""permanent pacemaker"",""Atrial cardioversion"",""Cardioversion by intracardiac catheter"",""Implantation of cardiac pacemaker"",""Atrial fibrillation and flutter"",""premature ventricular contractions"",""ventricular arrhythmia"",""Sudden Cardiac Death"",""Bradyarrhythmia (disorder)"",""wolff-parkinson-white syndrome"",""tachycardia, ventricular"",""ventricular fibrillation"",""supraventricular tachycardia"",""tachycardia"",""syncope"",""Sick Sinus Syndrome"",""palpitations nos"",""Long QT Syndrome"",""Heart Block"",""Electric Countershock"",""atrial flutter"",""atrial fibrillation"",""cardiac arrhythmia"",""Anti-Arrhythmia Agents""]"
"BUSTROS, THOMAS N.",1144409269,Cardiology,Cardiology - Electrophysiology,"[""Paroxysmal atrial fibrillation"",""Pacemaker management"",""Left bundle branch block"",""Right bundle branch block"",""Cardiac Electrophysiologist"",""Fluoroless Catheter Ablation"",""Sports Arrythmia"",""Neuromodulation Ablation"",""Cardiac electrophysiology study"",""Implantable loop recorder"",""Athletic Bradycardia"",""Monophasic cardioversion procedure"",""cardiac device management"",""Cardiomegaly, Exercise-Induced"",""Chemical cardioversion"",""Cardioversion using fluoroscopic guidance"",""Biphasic cardioversion procedure"",""Sudden Cardiac Arrest"",""electrocardiography"",""Brugada Syndrome (disorder)"",""defibrillator/pacemakers"",""VENTRICULAR TACHYCARDIA EXERCISE INDUCED"",""Cardiac implant device"",""External electrode cardioversion"",""Direct current cardioversion"",""bradycardia"",""Internal cardioversion"",""pacemaker care"",""permanent pacemaker"",""Atrial cardioversion"",""Cardioversion by intracardiac catheter"",""Implantation of cardiac pacemaker"",""Atrial fibrillation and flutter"",""premature ventricular contractions"",""ventricular arrhythmia"",""Sudden Cardiac Death"",""Bradyarrhythmia (disorder)"",""wolff-parkinson-white syndrome"",""tachycardia, ventricular"",""ventricular fibrillation"",""supraventricular tachycardia"",""tachycardia"",""syncope"",""Sick Sinus Syndrome"",""palpitations nos"",""Long QT Syndrome"",""Heart Block"",""Electric Countershock"",""atrial flutter"",""atrial fibrillation"",""cardiac arrhythmia"",""Anti-Arrhythmia Agents""]"
"ABDULLAH, JAVED",1184801367,Cardiology,Cardiology - Interventional,"[""ventricular septal defect"",""atrial septal defect"",""adult congenital heart disease"",""Eisenmenger ventricular septal defect"",""Total anomalous pulmonary venous return"",""Heterotaxy Syndrome"",""Pulmonary Stenosis"",""atrioventricular septal defect"",""Left ventricular outflow tract abnormality"",""Right ventricular outflow tract abnormality"",""Subaortic stenosis"",""congenital atresia of pulmonary valve"",""Vascular ring"",""Interrupted aortic arch"",""Hypoplastic Left Heart Syndrome"",""Bicuspid aortic valve"",""truncus arteriosus"",""transposition of great vessels"",""tetralogy of fallot"",""Pulmonary Valve Stenosis"",""Ebstein Anomaly"",""Patent ductus arteriosus"",""Double Outlet Right Ventricle"",""aortic valve stenosis"",""aortic coarctation""]"
"ABOUFARES, ALI FARES",1508837287,Cardiology,Cardiology - Interventional,"[""ventricular septal defect"",""atrial septal defect"",""adult congenital heart disease"",""Eisenmenger ventricular septal defect"",""Total anomalous pulmonary venous return"",""Heterotaxy Syndrome"",""Pulmonary Stenosis"",""atrioventricular septal defect"",""Left ventricular outflow tract abnormality"",""Right ventricular outflow tract abnormality"",""Subaortic stenosis"",""congenital atresia of pulmonary valve"",""Vascular ring"",""Interrupted aortic arch"",""Hypoplastic Left Heart Syndrome"",""Bicuspid aortic valve"",""truncus arteriosus"",""transposition of great vessels"",""tetralogy of fallot"",""Pulmonary Valve Stenosis"",""Ebstein Anomaly"",""Patent ductus arteriosus"",""Double Outlet Right Ventricle"",""aortic valve stenosis"",""aortic coarctation""]"
"AKKAD, ISAAC ELIE",1992190813,Cardiology,Cardiology - Interventional,"[""ventricular septal defect"",""atrial septal defect"",""adult congenital heart disease"",""Eisenmenger ventricular septal defect"",""Total anomalous pulmonary venous return"",""Heterotaxy Syndrome"",""Pulmonary Stenosis"",""atrioventricular septal defect"",""Left ventricular outflow tract abnormality"",""Right ventricular outflow tract abnormality"",""Subaortic stenosis"",""congenital atresia of pulmonary valve"",""Vascular ring"",""Interrupted aortic arch"",""Hypoplastic Left Heart Syndrome"",""Bicuspid aortic valve"",""truncus arteriosus"",""transposition of great vessels"",""tetralogy of fallot"",""Pulmonary Valve Stenosis"",""Ebstein Anomaly"",""Patent ductus arteriosus"",""Double Outlet Right Ventricle"",""aortic valve stenosis"",""aortic coarctation""]"
"ALHADDAD, BASEL",1487741120,Cardiology,Cardiology - Interventional,"[""ventricular septal defect"",""atrial septal defect"",""adult congenital heart disease"",""Eisenmenger ventricular septal defect"",""Total anomalous pulmonary venous return"",""Heterotaxy Syndrome"",""Pulmonary Stenosis"",""atrioventricular septal defect"",""Left ventricular outflow tract abnormality"",""Right ventricular outflow tract abnormality"",""Subaortic stenosis"",""congenital atresia of pulmonary valve"",""Vascular ring"",""Interrupted aortic arch"",""Hypoplastic Left Heart Syndrome"",""Bicuspid aortic valve"",""truncus arteriosus"",""transposition of great vessels"",""tetralogy of fallot"",""Pulmonary Valve Stenosis"",""Ebstein Anomaly"",""Patent ductus arteriosus"",""Double Outlet Right Ventricle"",""aortic valve stenosis"",""aortic coarctation""]"
"ALI, IBRAHIM MOHAMMED",1821476060,Cardiology,Cardiology - Interventional,"[""ventricular septal defect"",""atrial septal defect"",""adult congenital heart disease"",""Eisenmenger ventricular septal defect"",""Total anomalous pulmonary venous return"",""Heterotaxy Syndrome"",""Pulmonary Stenosis"",""atrioventricular septal defect"",""Left ventricular outflow tract abnormality"",""Right ventricular outflow tract abnormality"",""Subaortic stenosis"",""congenital atresia of pulmonary valve"",""Vascular ring"",""Interrupted aortic arch"",""Hypoplastic Left Heart Syndrome"",""Bicuspid aortic valve"",""truncus arteriosus"",""transposition of great vessels"",""tetralogy of fallot"",""Pulmonary Valve Stenosis"",""Ebstein Anomaly"",""Patent ductus arteriosus"",""Double Outlet Right Ventricle"",""aortic valve stenosis"",""aortic coarctation""]"
"AMSALEM, YORAM",1679702625,Cardiology,Cardiology - Interventional,"[""ventricular septal defect"",""atrial septal defect"",""adult congenital heart disease"",""Eisenmenger ventricular septal defect"",""Total anomalous pulmonary venous return"",""Heterotaxy Syndrome"",""Pulmonary Stenosis"",""atrioventricular septal defect"",""Left ventricular outflow tract abnormality"",""Right ventricular outflow tract abnormality"",""Subaortic stenosis"",""congenital atresia of pulmonary valve"",""Vascular ring"",""Interrupted aortic arch"",""Hypoplastic Left Heart Syndrome"",""Bicuspid aortic valve"",""truncus arteriosus"",""transposition of great vessels"",""tetralogy of fallot"",""Pulmonary Valve Stenosis"",""Ebstein Anomaly"",""Patent ductus arteriosus"",""Double Outlet Right Ventricle"",""aortic valve stenosis"",""aortic coarctation""]"
"ARGILLA, MICHAEL",1336133743,Cardiology,Cardiology - Interventional,"[""ventricular septal defect"",""atrial septal defect"",""adult congenital heart disease"",""Eisenmenger ventricular septal defect"",""Total anomalous pulmonary venous return"",""Heterotaxy Syndrome"",""Pulmonary Stenosis"",""atrioventricular septal defect"",""Left ventricular outflow tract abnormality"",""Right ventricular outflow tract abnormality"",""Subaortic stenosis"",""congenital atresia of pulmonary valve"",""Vascular ring"",""Interrupted aortic arch"",""Hypoplastic Left Heart Syndrome"",""Bicuspid aortic valve"",""truncus arteriosus"",""transposition of great vessels"",""tetralogy of fallot"",""Pulmonary Valve Stenosis"",""Ebstein Anomaly"",""Patent ductus arteriosus"",""Double Outlet Right Ventricle"",""aortic valve stenosis"",""aortic coarctation""]"
"ARKONAC, BURAK MEHMET",1518918838,Cardiology,Cardiology - Interventional,"[""ventricular septal defect"",""atrial septal defect"",""adult congenital heart disease"",""Eisenmenger ventricular septal defect"",""Total anomalous pulmonary venous return"",""Heterotaxy Syndrome"",""Pulmonary Stenosis"",""atrioventricular septal defect"",""Left ventricular outflow tract abnormality"",""Right ventricular outflow tract abnormality"",""Subaortic stenosis"",""congenital atresia of pulmonary valve"",""Vascular ring"",""Interrupted aortic arch"",""Hypoplastic Left Heart Syndrome"",""Bicuspid aortic valve"",""truncus arteriosus"",""transposition of great vessels"",""tetralogy of fallot"",""Pulmonary Valve Stenosis"",""Ebstein Anomaly"",""Patent ductus arteriosus"",""Double Outlet Right Ventricle"",""aortic valve stenosis"",""aortic coarctation""]"
"ARMAN, HUSEYIN EMRE",1699395962,Cardiology,Cardiology - Interventional,"[""ventricular septal defect"",""atrial septal defect"",""adult congenital heart disease"",""Eisenmenger ventricular septal defect"",""Total anomalous pulmonary venous return"",""Heterotaxy Syndrome"",""Pulmonary Stenosis"",""atrioventricular septal defect"",""Left ventricular outflow tract abnormality"",""Right ventricular outflow tract abnormality"",""Subaortic stenosis"",""congenital atresia of pulmonary valve"",""Vascular ring"",""Interrupted aortic arch"",""Hypoplastic Left Heart Syndrome"",""Bicuspid aortic valve"",""truncus arteriosus"",""transposition of great vessels"",""tetralogy of fallot"",""Pulmonary Valve Stenosis"",""Ebstein Anomaly"",""Patent ductus arteriosus"",""Double Outlet Right Ventricle"",""aortic valve stenosis"",""aortic coarctation""]"
"ARRIETA, JUAN CARLOS",1306377437,Cardiology,Cardiology - Interventional,"[""ventricular septal defect"",""atrial septal defect"",""adult congenital heart disease"",""Eisenmenger ventricular septal defect"",""Total anomalous pulmonary venous return"",""Heterotaxy Syndrome"",""Pulmonary Stenosis"",""atrioventricular septal defect"",""Left ventricular outflow tract abnormality"",""Right ventricular outflow tract abnormality"",""Subaortic stenosis"",""congenital atresia of pulmonary valve"",""Vascular ring"",""Interrupted aortic arch"",""Hypoplastic Left Heart Syndrome"",""Bicuspid aortic valve"",""truncus arteriosus"",""transposition of great vessels"",""tetralogy of fallot"",""Pulmonary Valve Stenosis"",""Ebstein Anomaly"",""Patent ductus arteriosus"",""Double Outlet Right Ventricle"",""aortic valve stenosis"",""aortic coarctation""]"
"STERN, DAVID LEE",1487979837,Cardiology,Cardiology,"[""coronary artery disease"",""atrial fibrillation"",""heart failure"",""valve disorders"",""Preventive Cardiology"",""Sports Cardiology""]"
"ATTUBATO, MICHAEL",1619963915,Cardiology,Cardiology - Interventional,"[""ventricular septal defect"",""atrial septal defect"",""adult congenital heart disease"",""Eisenmenger ventricular septal defect"",""Total anomalous pulmonary venous return"",""Heterotaxy Syndrome"",""Pulmonary Stenosis"",""atrioventricular septal defect"",""Left ventricular outflow tract abnormality"",""Right ventricular outflow tract abnormality"",""Subaortic stenosis"",""congenital atresia of pulmonary valve"",""Vascular ring"",""Interrupted aortic arch"",""Hypoplastic Left Heart Syndrome"",""Bicuspid aortic valve"",""truncus arteriosus"",""transposition of great vessels"",""tetralogy of fallot"",""Pulmonary Valve Stenosis"",""Ebstein Anomaly"",""Patent ductus arteriosus"",""Double Outlet Right Ventricle"",""aortic valve stenosis"",""aortic coarctation""]"
"AVADHANI, SRIYA ANNAPURNA",1821436502,Cardiology,Cardiology - Interventional,"[""ventricular septal defect"",""atrial septal defect"",""adult congenital heart disease"",""Eisenmenger ventricular septal defect"",""Total anomalous pulmonary venous return"",""Heterotaxy Syndrome"",""Pulmonary Stenosis"",""atrioventricular septal defect"",""Left ventricular outflow tract abnormality"",""Right ventricular outflow tract abnormality"",""Subaortic stenosis"",""congenital atresia of pulmonary valve"",""Vascular ring"",""Interrupted aortic arch"",""Hypoplastic Left Heart Syndrome"",""Bicuspid aortic valve"",""truncus arteriosus"",""transposition of great vessels"",""tetralogy of fallot"",""Pulmonary Valve Stenosis"",""Ebstein Anomaly"",""Patent ductus arteriosus"",""Double Outlet Right Ventricle"",""aortic valve stenosis"",""aortic coarctation""]"
"BALI, ATUL DEEP",1760910335,Cardiology,Cardiology - Interventional,"[""ventricular septal defect"",""atrial septal defect"",""adult congenital heart disease"",""Eisenmenger ventricular septal defect"",""Total anomalous pulmonary venous return"",""Heterotaxy Syndrome"",""Pulmonary Stenosis"",""atrioventricular septal defect"",""Left ventricular outflow tract abnormality"",""Right ventricular outflow tract abnormality"",""Subaortic stenosis"",""congenital atresia of pulmonary valve"",""Vascular ring"",""Interrupted aortic arch"",""Hypoplastic Left Heart Syndrome"",""Bicuspid aortic valve"",""truncus arteriosus"",""transposition of great vessels"",""tetralogy of fallot"",""Pulmonary Valve Stenosis"",""Ebstein Anomaly"",""Patent ductus arteriosus"",""Double Outlet Right Ventricle"",""aortic valve stenosis"",""aortic coarctation""]"
"BANDISODE, VARSHA M",1184732042,Cardiology,Cardiology - Interventional,"[""ventricular septal defect"",""atrial septal defect"",""adult congenital heart disease"",""Eisenmenger ventricular septal defect"",""Total anomalous pulmonary venous return"",""Heterotaxy Syndrome"",""Pulmonary Stenosis"",""atrioventricular septal defect"",""Left ventricular outflow tract abnormality"",""Right ventricular outflow tract abnormality"",""Subaortic stenosis"",""congenital atresia of pulmonary valve"",""Vascular ring"",""Interrupted aortic arch"",""Hypoplastic Left Heart Syndrome"",""Bicuspid aortic valve"",""truncus arteriosus"",""transposition of great vessels"",""tetralogy of fallot"",""Pulmonary Valve Stenosis"",""Ebstein Anomaly"",""Patent ductus arteriosus"",""Double Outlet Right Ventricle"",""aortic valve stenosis"",""aortic coarctation""]"
"CHAN, JACQUELINE",1992931299,Cardiology,Cardiology - Nuclear,"[""Peripheral Arterial Diseases"",""Chronic venous insufficiency"",""Chronic Limb-Threatening Ischemia"",""Ultrasonography, Carotid Arteries"",""Carotid artery stent"",""Heart valvuloplasty"",""Interrupted aortic arch"",""Ebstein Anomaly"",""wound care"",""women's health services"",""heart disease in women"",""varicose ulcer"",""vascular ultrasound procedure"",""venous insufficiency"",""heart valve disease"",""tricuspid valve disorder"",""tricuspid valve stenosis"",""tricuspid valve insufficiency"",""trasradial coronary artery andiography"",""thymectomy"",""aortic aneurysm, thoracoabdominal"",""structural disorder of heart"",""carotid stenosis"",""mesenteric vascular insufficiency"",""renal vascular disorder"",""cardiac disease in pregnancy"",""foramen ovale, patent"",""cardiac valve leak"",""pancoast tumor"",""nuclear stress test"",""nuclear cardiology"",""mitral"",""occlusive mesenteric ischemia"",""celiac artery compression syndrome"",""left ventricular assist device (physical object)"",""limb salvage"",""left atrial appendage occlusion"",""peripheral vascular disease"",""laparoscopic heller myotomy"",""intrathoracic biopsies and pleural surgery"",""heart valve replacement"",""heart transplant"",""primary prevention of ischemic heart disease"",""heart diseases"",""arterial occlusive disease, progressive, with hypertension, heart defects, bone fragility, and brachysyndactyly"",""myocardial infarction"",""ventricular fibrillation"",""ventricular arrhythmia"",""vascular anomaly"",""thrombosis"",""mitral valve disorders nos (disorder)"",""mesenteric ischemia"",""hypertrophic cardiomyopathy"",""hemangioma"",""endocardial cushion defects"",""coronary artery anomaly nos (disorder)"",""coronary aneurysm"",""cor triatriatum"",""cardiovascular imaging"",""bradycardia"",""atrioventricular septal defect"",""arteriovenous fistula"",""arteriosclerosis"",""arterial occlusive diseases"",""aortopulmonary septal defect"",""aortic coarctation"",""aortic aneurysm, thoracic"",""aneurysm of splenic artery"",""aneurysm of renal artery"",""aneurysm of hepatic artery"",""aneurysm of aortic arch"",""family history of heart issues"",""exercise stress test"",""esophagectomy"",""endocarditis"",""hypertriglyceridemia"",""echocardiography"",""electrocardiography"",""dural arteriovenous fistula"",""deep vein thrombosis"",""coronary arteriosclerosis"",""heart failure"",""coronary artery disease"",""congestive heart failure"",""computed tomographic reconstruction"",""cardiovascular evaluation"",""cerebrovascular disorders"",""carotid ultrasound doppler"",""duplex scan of both carotid arteries"",""duplex scan of one carotid artery"",""carotid artery diseases"",""cardiovascular diseases"",""cardiomyopathy"",""mri for cardiac morphology and function"",""cardiac imaging technique"",""cardiac ct"",""cabg"",""atrial flutter"",""atrial fibrillation"",""atherosclerosis"",""congenital arteriovenous malformation"",""cardiac arrhythmia"",""takotsubo cardiomyopathy"",""aortic valve replacement"",""aortic valve disorder"",""aortic valve stenosis"",""aortic valve insufficiency"",""aortic diseases"",""arterial stent"",""stent, renal"",""angina"",""aneurysm"",""congenital heart disease"",""congenital heart defects"",""surgical ablation""]"
"PERLMUTTER, ROBERT A.",1235155508,Cardiology,Cardiology - Nuclear,"[""Peripheral Arterial Diseases"",""Chronic venous insufficiency"",""Chronic Limb-Threatening Ischemia"",""Ultrasonography, Carotid Arteries"",""Carotid artery stent"",""Heart valvuloplasty"",""Interrupted aortic arch"",""Ebstein Anomaly"",""wound care"",""women's health services"",""heart disease in women"",""varicose ulcer"",""vascular ultrasound procedure"",""venous insufficiency"",""heart valve disease"",""tricuspid valve disorder"",""tricuspid valve stenosis"",""tricuspid valve insufficiency"",""trasradial coronary artery andiography"",""thymectomy"",""aortic aneurysm, thoracoabdominal"",""structural disorder of heart"",""carotid stenosis"",""mesenteric vascular insufficiency"",""renal vascular disorder"",""cardiac disease in pregnancy"",""foramen ovale, patent"",""cardiac valve leak"",""pancoast tumor"",""nuclear stress test"",""nuclear cardiology"",""mitral"",""occlusive mesenteric ischemia"",""celiac artery compression syndrome"",""left ventricular assist device (physical object)"",""limb salvage"",""left atrial appendage occlusion"",""peripheral vascular disease"",""laparoscopic heller myotomy"",""intrathoracic biopsies and pleural surgery"",""heart valve replacement"",""heart transplant"",""primary prevention of ischemic heart disease"",""heart diseases"",""arterial occlusive disease, progressive, with hypertension, heart defects, bone fragility, and brachysyndactyly"",""myocardial infarction"",""ventricular fibrillation"",""ventricular arrhythmia"",""vascular anomaly"",""thrombosis"",""mitral valve disorders nos (disorder)"",""mesenteric ischemia"",""hypertrophic cardiomyopathy"",""hemangioma"",""endocardial cushion defects"",""coronary artery anomaly nos (disorder)"",""coronary aneurysm"",""cor triatriatum"",""cardiovascular imaging"",""bradycardia"",""atrioventricular septal defect"",""arteriovenous fistula"",""arteriosclerosis"",""arterial occlusive diseases"",""aortopulmonary septal defect"",""aortic coarctation"",""aortic aneurysm, thoracic"",""aneurysm of splenic artery"",""aneurysm of renal artery"",""aneurysm of hepatic artery"",""aneurysm of aortic arch"",""family history of heart issues"",""exercise stress test"",""esophagectomy"",""endocarditis"",""hypertriglyceridemia"",""echocardiography"",""electrocardiography"",""dural arteriovenous fistula"",""deep vein thrombosis"",""coronary arteriosclerosis"",""heart failure"",""coronary artery disease"",""congestive heart failure"",""computed tomographic reconstruction"",""cardiovascular evaluation"",""cerebrovascular disorders"",""carotid ultrasound doppler"",""duplex scan of both carotid arteries"",""duplex scan of one carotid artery"",""carotid artery diseases"",""cardiovascular diseases"",""cardiomyopathy"",""mri for cardiac morphology and function"",""cardiac imaging technique"",""cardiac ct"",""cabg"",""atrial flutter"",""atrial fibrillation"",""atherosclerosis"",""congenital arteriovenous malformation"",""cardiac arrhythmia"",""takotsubo cardiomyopathy"",""aortic valve replacement"",""aortic valve disorder"",""aortic valve stenosis"",""aortic valve insufficiency"",""aortic diseases"",""arterial stent"",""stent, renal"",""angina"",""aneurysm"",""congenital heart disease"",""congenital heart defects"",""surgical ablation""]"
"COPELAND-HALPERIN, ROBERT SHOER",1013259894,Cardiology,Cardiology - Oncology,"[""Cardiac Oncologist""]"
"KLIGER, CHAD ALAN",1003824954,Cardiology,Cardiology - Structural,"[""Prosthetic heart valve management"",""Structural Cardiologist""]"
"PATEL, APURVA RANCHHODBHAI",1821355074,Cardiology,Cardiology - Structural,"[""Prosthetic heart valve management"",""Structural Cardiologist""]"
"RUTKIN, BRUCE JARED",1245439371,Cardiology,Cardiology - Structural,"[""Prosthetic heart valve management"",""Structural Cardiologist""]"
"COROMILAS, ELLIE",1558756940,Cardiology,Cardiology - Vascular Medicine,"[""Coronary artery calcification"",""Hypertriglyceridemia"",""Elevated lipoprotein(a)"",""Vascular ultrasound"",""Thromboangiitis Obliterans"",""raynaud disease"",""blood clot"",""peripheral vascular disease"",""Vascular Cardiologist"",""Vascular compression therapy"",""May-Thurner Syndrome"",""duplex scan of one carotid artery"",""duplex scan of both carotid arteries"",""Peripheral Arterial Diseases"",""Claudication (finding)"",""Chronic venous insufficiency"",""Chronic Limb-Threatening Ischemia"",""Ultrasonography, Carotid Arteries"",""carotid ultrasound doppler"",""Peripheral pulmonary artery disease"",""Renal vascular disorder"",""Aneurysm of femoral artery"",""deep vein thrombosis"",""varicosity"",""thrombosis"",""Subclavian Steal Syndrome"",""renal artery stenosis"",""pulmonary embolism"",""carotid stenosis"",""carotid artery diseases"",""Arteritis"",""arteriosclerosis"",""arterial occlusive diseases"",""Anticoagulation Therapy""]"
"GALMER, ANDREW MICHAEL",1780826685,Cardiology,Cardiology - Vascular Medicine,"[""Coronary artery calcification"",""Hypertriglyceridemia"",""Elevated lipoprotein(a)"",""Vascular ultrasound"",""Thromboangiitis Obliterans"",""raynaud disease"",""blood clot"",""peripheral vascular disease"",""Vascular Cardiologist"",""Vascular compression therapy"",""May-Thurner Syndrome"",""duplex scan of one carotid artery"",""duplex scan of both carotid arteries"",""Peripheral Arterial Diseases"",""Claudication (finding)"",""Chronic venous insufficiency"",""Chronic Limb-Threatening Ischemia"",""Ultrasonography, Carotid Arteries"",""carotid ultrasound doppler"",""Peripheral pulmonary artery disease"",""Renal vascular disorder"",""Aneurysm of femoral artery"",""deep vein thrombosis"",""varicosity"",""thrombosis"",""Subclavian Steal Syndrome"",""renal artery stenosis"",""pulmonary embolism"",""carotid stenosis"",""carotid artery diseases"",""Arteritis"",""arteriosclerosis"",""arterial occlusive diseases"",""Anticoagulation Therapy""]"
"JACOBSON, JEREMY DANIEL",1992048474,Cardiology,Cardiology - Vascular Medicine,"[""Coronary artery calcification"",""Hypertriglyceridemia"",""Elevated lipoprotein(a)"",""Vascular ultrasound"",""Thromboangiitis Obliterans"",""raynaud disease"",""blood clot"",""peripheral vascular disease"",""Vascular Cardiologist"",""Vascular compression therapy"",""May-Thurner Syndrome"",""duplex scan of one carotid artery"",""duplex scan of both carotid arteries"",""Peripheral Arterial Diseases"",""Claudication (finding)"",""Chronic venous insufficiency"",""Chronic Limb-Threatening Ischemia"",""Ultrasonography, Carotid Arteries"",""carotid ultrasound doppler"",""Peripheral pulmonary artery disease"",""Renal vascular disorder"",""Aneurysm of femoral artery"",""deep vein thrombosis"",""varicosity"",""thrombosis"",""Subclavian Steal Syndrome"",""renal artery stenosis"",""pulmonary embolism"",""carotid stenosis"",""carotid artery diseases"",""Arteritis"",""arteriosclerosis"",""arterial occlusive diseases"",""Anticoagulation Therapy""]"
"LAU, JOE FOON",1013175173,Cardiology,Cardiology - Vascular Medicine,"[""Coronary artery calcification"",""Hypertriglyceridemia"",""Elevated lipoprotein(a)"",""Vascular ultrasound"",""Thromboangiitis Obliterans"",""raynaud disease"",""blood clot"",""peripheral vascular disease"",""Vascular Cardiologist"",""Vascular compression therapy"",""May-Thurner Syndrome"",""duplex scan of one carotid artery"",""duplex scan of both carotid arteries"",""Peripheral Arterial Diseases"",""Claudication (finding)"",""Chronic venous insufficiency"",""Chronic Limb-Threatening Ischemia"",""Ultrasonography, Carotid Arteries"",""carotid ultrasound doppler"",""Peripheral pulmonary artery disease"",""Renal vascular disorder"",""Aneurysm of femoral artery"",""deep vein thrombosis"",""varicosity"",""thrombosis"",""Subclavian Steal Syndrome"",""renal artery stenosis"",""pulmonary embolism"",""carotid stenosis"",""carotid artery diseases"",""Arteritis"",""arteriosclerosis"",""arterial occlusive diseases"",""Anticoagulation Therapy""]"
"NARINE, FEYAZ AHMAD AZEEM",1437432440,Cardiology,Cardiology - Vascular Medicine,"[""Coronary artery calcification"",""Hypertriglyceridemia"",""Elevated lipoprotein(a)"",""Vascular ultrasound"",""Thromboangiitis Obliterans"",""raynaud disease"",""blood clot"",""peripheral vascular disease"",""Vascular Cardiologist"",""Vascular compression therapy"",""May-Thurner Syndrome"",""duplex scan of one carotid artery"",""duplex scan of both carotid arteries"",""Peripheral Arterial Diseases"",""Claudication (finding)"",""Chronic venous insufficiency"",""Chronic Limb-Threatening Ischemia"",""Ultrasonography, Carotid Arteries"",""carotid ultrasound doppler"",""Peripheral pulmonary artery disease"",""Renal vascular disorder"",""Aneurysm of femoral artery"",""deep vein thrombosis"",""varicosity"",""thrombosis"",""Subclavian Steal Syndrome"",""renal artery stenosis"",""pulmonary embolism"",""carotid stenosis"",""carotid artery diseases"",""Arteritis"",""arteriosclerosis"",""arterial occlusive diseases"",""Anticoagulation Therapy""]"
"PARK, BYUNG JOON",1730615121,Cardiology,Cardiology - Vascular Medicine,"[""Coronary artery calcification"",""Hypertriglyceridemia"",""Elevated lipoprotein(a)"",""Vascular ultrasound"",""Thromboangiitis Obliterans"",""raynaud disease"",""blood clot"",""peripheral vascular disease"",""Vascular Cardiologist"",""Vascular compression therapy"",""May-Thurner Syndrome"",""duplex scan of one carotid artery"",""duplex scan of both carotid arteries"",""Peripheral Arterial Diseases"",""Claudication (finding)"",""Chronic venous insufficiency"",""Chronic Limb-Threatening Ischemia"",""Ultrasonography, Carotid Arteries"",""carotid ultrasound doppler"",""Peripheral pulmonary artery disease"",""Renal vascular disorder"",""Aneurysm of femoral artery"",""deep vein thrombosis"",""varicosity"",""thrombosis"",""Subclavian Steal Syndrome"",""renal artery stenosis"",""pulmonary embolism"",""carotid stenosis"",""carotid artery diseases"",""Arteritis"",""arteriosclerosis"",""arterial occlusive diseases"",""Anticoagulation Therapy""]"
"VOZZOLO, JOSEPH",1023314895,Cardiology,Cardiology - Vascular Medicine,"[""Coronary artery calcification"",""Hypertriglyceridemia"",""Elevated lipoprotein(a)"",""Vascular ultrasound"",""Thromboangiitis Obliterans"",""raynaud disease"",""blood clot"",""peripheral vascular disease"",""Vascular Cardiologist"",""Vascular compression therapy"",""May-Thurner Syndrome"",""duplex scan of one carotid artery"",""duplex scan of both carotid arteries"",""Peripheral Arterial Diseases"",""Claudication (finding)"",""Chronic venous insufficiency"",""Chronic Limb-Threatening Ischemia"",""Ultrasonography, Carotid Arteries"",""carotid ultrasound doppler"",""Peripheral pulmonary artery disease"",""Renal vascular disorder"",""Aneurysm of femoral artery"",""deep vein thrombosis"",""varicosity"",""thrombosis"",""Subclavian Steal Syndrome"",""renal artery stenosis"",""pulmonary embolism"",""carotid stenosis"",""carotid artery diseases"",""Arteritis"",""arteriosclerosis"",""arterial occlusive diseases"",""Anticoagulation Therapy""]"
"GRAYVER, EVELINA",1164684270,Cardiology,Cardiology - Women's Heart,"[""Women's Cardiovascular Care"",""women's heart""]"
"ADDONIZIO, LINDA",1639143779,Cardiology,Pediatric - Cardiology,"[""ventricular septal defect"",""atrial septal defect"",""Cardiac radiofrequency ablation"",""Total anomalous pulmonary venous return"",""Fetal cardiomyopathy"",""Pulmonary Stenosis"",""electrocardiography"",""Congenital cardiomyopathy"",""atrioventricular septal defect"",""ATRIOVENTRICULAR CANAL DEFECT"",""bradycardia"",""Acute heart failure"",""tricuspid atresia"",""congenital atresia of pulmonary valve"",""Hypoplastic Left Heart Syndrome"",""Congenital heart block"",""essential hypertension"",""wolff-parkinson-white syndrome"",""truncus arteriosus"",""tetralogy of fallot"",""supraventricular tachycardia"",""tachycardia"",""syncope"",""Rheumatic Heart Disease"",""rheumatic fever"",""Pulmonary Edema"",""pericarditis"",""myocarditis"",""myocardial infarction"",""Mucocutaneous Lymph Node Syndrome"",""pulmonary hypertension"",""congestive heart failure"",""congenital heart defects"",""foramen ovale, patent"",""Bacterial Endocarditis"",""echocardiography"",""Patent ductus arteriosus"",""DiGeorge Syndrome"",""Dextrocardia"",""aortic coarctation"",""Angiocardiography""]"
"AKIYODE, RAQIBAT OLUBUSOLA",1821650581,Cardiology,Pediatric - Cardiology,"[""ventricular septal defect"",""atrial septal defect"",""Cardiac radiofrequency ablation"",""Total anomalous pulmonary venous return"",""Fetal cardiomyopathy"",""Pulmonary Stenosis"",""electrocardiography"",""Congenital cardiomyopathy"",""atrioventricular septal defect"",""ATRIOVENTRICULAR CANAL DEFECT"",""bradycardia"",""Acute heart failure"",""tricuspid atresia"",""congenital atresia of pulmonary valve"",""Hypoplastic Left Heart Syndrome"",""Congenital heart block"",""essential hypertension"",""wolff-parkinson-white syndrome"",""truncus arteriosus"",""tetralogy of fallot"",""supraventricular tachycardia"",""tachycardia"",""syncope"",""Rheumatic Heart Disease"",""rheumatic fever"",""Pulmonary Edema"",""pericarditis"",""myocarditis"",""myocardial infarction"",""Mucocutaneous Lymph Node Syndrome"",""pulmonary hypertension"",""congestive heart failure"",""congenital heart defects"",""foramen ovale, patent"",""Bacterial Endocarditis"",""echocardiography"",""Patent ductus arteriosus"",""DiGeorge Syndrome"",""Dextrocardia"",""aortic coarctation"",""Angiocardiography""]"
"ALENICK, D. SCOTT",1639138316,Cardiology,Pediatric - Cardiology,"[""ventricular septal defect"",""atrial septal defect"",""Cardiac radiofrequency ablation"",""Total anomalous pulmonary venous return"",""Fetal cardiomyopathy"",""Pulmonary Stenosis"",""electrocardiography"",""Congenital cardiomyopathy"",""atrioventricular septal defect"",""ATRIOVENTRICULAR CANAL DEFECT"",""bradycardia"",""Acute heart failure"",""tricuspid atresia"",""congenital atresia of pulmonary valve"",""Hypoplastic Left Heart Syndrome"",""Congenital heart block"",""essential hypertension"",""wolff-parkinson-white syndrome"",""truncus arteriosus"",""tetralogy of fallot"",""supraventricular tachycardia"",""tachycardia"",""syncope"",""Rheumatic Heart Disease"",""rheumatic fever"",""Pulmonary Edema"",""pericarditis"",""myocarditis"",""myocardial infarction"",""Mucocutaneous Lymph Node Syndrome"",""pulmonary hypertension"",""congestive heart failure"",""congenital heart defects"",""foramen ovale, patent"",""Bacterial Endocarditis"",""echocardiography"",""Patent ductus arteriosus"",""DiGeorge Syndrome"",""Dextrocardia"",""aortic coarctation"",""Angiocardiography""]"
"ALTMANN, KAREN",1467453647,Cardiology,Pediatric - Cardiology,"[""ventricular septal defect"",""atrial septal defect"",""Cardiac radiofrequency ablation"",""Total anomalous pulmonary venous return"",""Fetal cardiomyopathy"",""Pulmonary Stenosis"",""electrocardiography"",""Congenital cardiomyopathy"",""atrioventricular septal defect"",""ATRIOVENTRICULAR CANAL DEFECT"",""bradycardia"",""Acute heart failure"",""tricuspid atresia"",""congenital atresia of pulmonary valve"",""Hypoplastic Left Heart Syndrome"",""Congenital heart block"",""essential hypertension"",""wolff-parkinson-white syndrome"",""truncus arteriosus"",""tetralogy of fallot"",""supraventricular tachycardia"",""tachycardia"",""syncope"",""Rheumatic Heart Disease"",""rheumatic fever"",""Pulmonary Edema"",""pericarditis"",""myocarditis"",""myocardial infarction"",""Mucocutaneous Lymph Node Syndrome"",""pulmonary hypertension"",""congestive heart failure"",""congenital heart defects"",""foramen ovale, patent"",""Bacterial Endocarditis"",""echocardiography"",""Patent ductus arteriosus"",""DiGeorge Syndrome"",""Dextrocardia"",""aortic coarctation"",""Angiocardiography""]"
"ALY, DOAA GABER MAHGOUB",1790193688,Cardiology,Pediatric - Cardiology,"[""ventricular septal defect"",""atrial septal defect"",""Cardiac radiofrequency ablation"",""Total anomalous pulmonary venous return"",""Fetal cardiomyopathy"",""Pulmonary Stenosis"",""electrocardiography"",""Congenital cardiomyopathy"",""atrioventricular septal defect"",""ATRIOVENTRICULAR CANAL DEFECT"",""bradycardia"",""Acute heart failure"",""tricuspid atresia"",""congenital atresia of pulmonary valve"",""Hypoplastic Left Heart Syndrome"",""Congenital heart block"",""essential hypertension"",""wolff-parkinson-white syndrome"",""truncus arteriosus"",""tetralogy of fallot"",""supraventricular tachycardia"",""tachycardia"",""syncope"",""Rheumatic Heart Disease"",""rheumatic fever"",""Pulmonary Edema"",""pericarditis"",""myocarditis"",""myocardial infarction"",""Mucocutaneous Lymph Node Syndrome"",""pulmonary hypertension"",""congestive heart failure"",""congenital heart defects"",""foramen ovale, patent"",""Bacterial Endocarditis"",""echocardiography"",""Patent ductus arteriosus"",""DiGeorge Syndrome"",""Dextrocardia"",""aortic coarctation"",""Angiocardiography""]"
"APFEL, HOWARD",1134102205,Cardiology,Pediatric - Cardiology,"[""ventricular septal defect"",""atrial septal defect"",""Cardiac radiofrequency ablation"",""Total anomalous pulmonary venous return"",""Fetal cardiomyopathy"",""Pulmonary Stenosis"",""electrocardiography"",""Congenital cardiomyopathy"",""atrioventricular septal defect"",""ATRIOVENTRICULAR CANAL DEFECT"",""bradycardia"",""Acute heart failure"",""tricuspid atresia"",""congenital atresia of pulmonary valve"",""Hypoplastic Left Heart Syndrome"",""Congenital heart block"",""essential hypertension"",""wolff-parkinson-white syndrome"",""truncus arteriosus"",""tetralogy of fallot"",""supraventricular tachycardia"",""tachycardia"",""syncope"",""Rheumatic Heart Disease"",""rheumatic fever"",""Pulmonary Edema"",""pericarditis"",""myocarditis"",""myocardial infarction"",""Mucocutaneous Lymph Node Syndrome"",""pulmonary hypertension"",""congestive heart failure"",""congenital heart defects"",""foramen ovale, patent"",""Bacterial Endocarditis"",""echocardiography"",""Patent ductus arteriosus"",""DiGeorge Syndrome"",""Dextrocardia"",""aortic coarctation"",""Angiocardiography""]"
"AVERIN, KONSTANTIN",1164665725,Cardiology,Pediatric - Cardiology,"[""ventricular septal defect"",""atrial septal defect"",""Cardiac radiofrequency ablation"",""Total anomalous pulmonary venous return"",""Fetal cardiomyopathy"",""Pulmonary Stenosis"",""electrocardiography"",""Congenital cardiomyopathy"",""atrioventricular septal defect"",""ATRIOVENTRICULAR CANAL DEFECT"",""bradycardia"",""Acute heart failure"",""tricuspid atresia"",""congenital atresia of pulmonary valve"",""Hypoplastic Left Heart Syndrome"",""Congenital heart block"",""essential hypertension"",""wolff-parkinson-white syndrome"",""truncus arteriosus"",""tetralogy of fallot"",""supraventricular tachycardia"",""tachycardia"",""syncope"",""Rheumatic Heart Disease"",""rheumatic fever"",""Pulmonary Edema"",""pericarditis"",""myocarditis"",""myocardial infarction"",""Mucocutaneous Lymph Node Syndrome"",""pulmonary hypertension"",""congestive heart failure"",""congenital heart defects"",""foramen ovale, patent"",""Bacterial Endocarditis"",""echocardiography"",""Patent ductus arteriosus"",""DiGeorge Syndrome"",""Dextrocardia"",""aortic coarctation"",""Angiocardiography""]"
"BARRIS, DAVID",1477084390,Cardiology,Pediatric - Cardiology,"[""ventricular septal defect"",""atrial septal defect"",""Cardiac radiofrequency ablation"",""Total anomalous pulmonary venous return"",""Fetal cardiomyopathy"",""Pulmonary Stenosis"",""electrocardiography"",""Congenital cardiomyopathy"",""atrioventricular septal defect"",""ATRIOVENTRICULAR CANAL DEFECT"",""bradycardia"",""Acute heart failure"",""tricuspid atresia"",""congenital atresia of pulmonary valve"",""Hypoplastic Left Heart Syndrome"",""Congenital heart block"",""essential hypertension"",""wolff-parkinson-white syndrome"",""truncus arteriosus"",""tetralogy of fallot"",""supraventricular tachycardia"",""tachycardia"",""syncope"",""Rheumatic Heart Disease"",""rheumatic fever"",""Pulmonary Edema"",""pericarditis"",""myocarditis"",""myocardial infarction"",""Mucocutaneous Lymph Node Syndrome"",""pulmonary hypertension"",""congestive heart failure"",""congenital heart defects"",""foramen ovale, patent"",""Bacterial Endocarditis"",""echocardiography"",""Patent ductus arteriosus"",""DiGeorge Syndrome"",""Dextrocardia"",""aortic coarctation"",""Angiocardiography""]"
"BAYLE, KEN MICHAEL S",1356683437,Cardiology,Pediatric - Cardiology,"[""ventricular septal defect"",""atrial septal defect"",""Cardiac radiofrequency ablation"",""Total anomalous pulmonary venous return"",""Fetal cardiomyopathy"",""Pulmonary Stenosis"",""electrocardiography"",""Congenital cardiomyopathy"",""atrioventricular septal defect"",""ATRIOVENTRICULAR CANAL DEFECT"",""bradycardia"",""Acute heart failure"",""tricuspid atresia"",""congenital atresia of pulmonary valve"",""Hypoplastic Left Heart Syndrome"",""Congenital heart block"",""essential hypertension"",""wolff-parkinson-white syndrome"",""truncus arteriosus"",""tetralogy of fallot"",""supraventricular tachycardia"",""tachycardia"",""syncope"",""Rheumatic Heart Disease"",""rheumatic fever"",""Pulmonary Edema"",""pericarditis"",""myocarditis"",""myocardial infarction"",""Mucocutaneous Lymph Node Syndrome"",""pulmonary hypertension"",""congestive heart failure"",""congenital heart defects"",""foramen ovale, patent"",""Bacterial Endocarditis"",""echocardiography"",""Patent ductus arteriosus"",""DiGeorge Syndrome"",""Dextrocardia"",""aortic coarctation"",""Angiocardiography""]"
"BEGUM, FAHMIDA",1013551787,Cardiology,Pediatric - Cardiology,"[""ventricular septal defect"",""atrial septal defect"",""Cardiac radiofrequency ablation"",""Total anomalous pulmonary venous return"",""Fetal cardiomyopathy"",""Pulmonary Stenosis"",""electrocardiography"",""Congenital cardiomyopathy"",""atrioventricular septal defect"",""ATRIOVENTRICULAR CANAL DEFECT"",""bradycardia"",""Acute heart failure"",""tricuspid atresia"",""congenital atresia of pulmonary valve"",""Hypoplastic Left Heart Syndrome"",""Congenital heart block"",""essential hypertension"",""wolff-parkinson-white syndrome"",""truncus arteriosus"",""tetralogy of fallot"",""supraventricular tachycardia"",""tachycardia"",""syncope"",""Rheumatic Heart Disease"",""rheumatic fever"",""Pulmonary Edema"",""pericarditis"",""myocarditis"",""myocardial infarction"",""Mucocutaneous Lymph Node Syndrome"",""pulmonary hypertension"",""congestive heart failure"",""congenital heart defects"",""foramen ovale, patent"",""Bacterial Endocarditis"",""echocardiography"",""Patent ductus arteriosus"",""DiGeorge Syndrome"",""Dextrocardia"",""aortic coarctation"",""Angiocardiography""]"
"BERMAN - ROSENZWEIG, ERIKA",1831163708,Cardiology,Pediatric - Cardiology,"[""ventricular septal defect"",""atrial septal defect"",""Cardiac radiofrequency ablation"",""Total anomalous pulmonary venous return"",""Fetal cardiomyopathy"",""Pulmonary Stenosis"",""electrocardiography"",""Congenital cardiomyopathy"",""atrioventricular septal defect"",""ATRIOVENTRICULAR CANAL DEFECT"",""bradycardia"",""Acute heart failure"",""tricuspid atresia"",""congenital atresia of pulmonary valve"",""Hypoplastic Left Heart Syndrome"",""Congenital heart block"",""essential hypertension"",""wolff-parkinson-white syndrome"",""truncus arteriosus"",""tetralogy of fallot"",""supraventricular tachycardia"",""tachycardia"",""syncope"",""Rheumatic Heart Disease"",""rheumatic fever"",""Pulmonary Edema"",""pericarditis"",""myocarditis"",""myocardial infarction"",""Mucocutaneous Lymph Node Syndrome"",""pulmonary hypertension"",""congestive heart failure"",""congenital heart defects"",""foramen ovale, patent"",""Bacterial Endocarditis"",""echocardiography"",""Patent ductus arteriosus"",""DiGeorge Syndrome"",""Dextrocardia"",""aortic coarctation"",""Angiocardiography""]"
